iteration,train_emotion,test_emotion,match_score,similarity,timestamp,result
1,neutral,amused,0.31,0.07,2025-09-20 20:20:28,fail
1,neutral,anger,0.34,0.11,2025-09-20 20:20:28,success
1,neutral,disgust,0.28,0.07,2025-09-20 20:20:29,fail
1,neutral,neutral,0.33,1.0,2025-09-20 20:20:29,success
1,neutral,sleepiness,0.32,0.07,2025-09-20 20:20:29,fail
2,neutral,amused,0.31,0.07,2025-09-20 20:20:30,fail
2,neutral,anger,0.34,0.11,2025-09-20 20:20:30,success
2,neutral,disgust,0.28,0.07,2025-09-20 20:20:30,fail
2,neutral,neutral,0.33,1.0,2025-09-20 20:20:30,success
2,neutral,sleepiness,0.32,0.07,2025-09-20 20:20:31,fail
3,neutral,amused,0.31,0.07,2025-09-20 20:20:31,fail
3,neutral,anger,0.34,0.11,2025-09-20 20:20:31,success
3,neutral,disgust,0.28,0.07,2025-09-20 20:20:32,fail
3,neutral,neutral,0.33,1.0,2025-09-20 20:20:32,success
3,neutral,sleepiness,0.32,0.07,2025-09-20 20:20:32,fail
4,neutral,amused,0.31,0.07,2025-09-20 20:20:32,fail
4,neutral,anger,0.34,0.11,2025-09-20 20:20:33,success
4,neutral,disgust,0.28,0.07,2025-09-20 20:20:33,fail
4,neutral,neutral,0.33,1.0,2025-09-20 20:20:34,success
4,neutral,sleepiness,0.32,0.07,2025-09-20 20:20:34,fail
5,neutral,amused,0.31,0.07,2025-09-20 20:20:34,fail
5,neutral,anger,0.34,0.11,2025-09-20 20:20:34,success
5,neutral,disgust,0.28,0.07,2025-09-20 20:20:35,fail
5,neutral,neutral,0.33,1.0,2025-09-20 20:20:35,success
5,neutral,sleepiness,0.32,0.07,2025-09-20 20:20:35,fail
6,neutral,amused,0.31,0.07,2025-09-20 20:20:36,fail
6,neutral,anger,0.34,0.11,2025-09-20 20:20:36,success
6,neutral,disgust,0.28,0.07,2025-09-20 20:20:36,fail
6,neutral,neutral,0.33,1.0,2025-09-20 20:20:36,success
6,neutral,sleepiness,0.32,0.07,2025-09-20 20:20:37,fail
7,neutral,amused,0.31,0.07,2025-09-20 20:20:37,fail
7,neutral,anger,0.34,0.11,2025-09-20 20:20:37,success
7,neutral,disgust,0.28,0.07,2025-09-20 20:20:38,fail
7,neutral,neutral,0.33,1.0,2025-09-20 20:20:38,success
7,neutral,sleepiness,0.32,0.07,2025-09-20 20:20:38,fail
8,neutral,amused,0.31,0.07,2025-09-20 20:20:38,fail
8,neutral,anger,0.34,0.11,2025-09-20 20:20:39,success
8,neutral,disgust,0.28,0.07,2025-09-20 20:20:39,fail
8,neutral,neutral,0.33,1.0,2025-09-20 20:20:39,success
8,neutral,sleepiness,0.32,0.07,2025-09-20 20:20:40,fail
9,neutral,amused,0.31,0.07,2025-09-20 20:20:40,fail
9,neutral,anger,0.34,0.11,2025-09-20 20:20:40,success
9,neutral,disgust,0.28,0.07,2025-09-20 20:20:40,fail
9,neutral,neutral,0.33,1.0,2025-09-20 20:20:41,success
9,neutral,sleepiness,0.32,0.07,2025-09-20 20:20:41,fail
10,neutral,amused,0.31,0.07,2025-09-20 20:20:41,fail
10,neutral,anger,0.34,0.11,2025-09-20 20:20:41,success
10,neutral,disgust,0.28,0.07,2025-09-20 20:20:42,fail
10,neutral,neutral,0.33,1.0,2025-09-20 20:20:42,success
10,neutral,sleepiness,0.32,0.07,2025-09-20 20:20:42,fail
11,neutral,amused,0.31,0.07,2025-09-20 20:20:42,fail
11,neutral,anger,0.34,0.11,2025-09-20 20:20:43,success
11,neutral,disgust,0.28,0.07,2025-09-20 20:20:43,fail
11,neutral,neutral,0.33,1.0,2025-09-20 20:20:43,success
11,neutral,sleepiness,0.32,0.07,2025-09-20 20:20:44,fail
12,neutral,amused,0.31,0.07,2025-09-20 20:20:44,fail
12,neutral,anger,0.34,0.11,2025-09-20 20:20:44,success
12,neutral,disgust,0.28,0.07,2025-09-20 20:20:44,fail
12,neutral,neutral,0.33,1.0,2025-09-20 20:20:45,success
12,neutral,sleepiness,0.32,0.07,2025-09-20 20:20:45,fail
13,neutral,amused,0.31,0.07,2025-09-20 20:20:45,fail
13,neutral,anger,0.34,0.11,2025-09-20 20:20:45,success
13,neutral,disgust,0.28,0.07,2025-09-20 20:20:46,fail
13,neutral,neutral,0.33,1.0,2025-09-20 20:20:46,success
13,neutral,sleepiness,0.32,0.07,2025-09-20 20:20:46,fail
14,neutral,amused,0.31,0.07,2025-09-20 20:20:46,fail
14,neutral,anger,0.34,0.11,2025-09-20 20:20:47,success
14,neutral,disgust,0.28,0.07,2025-09-20 20:20:47,fail
14,neutral,neutral,0.33,1.0,2025-09-20 20:20:47,success
14,neutral,sleepiness,0.32,0.07,2025-09-20 20:20:47,fail
15,neutral,amused,0.31,0.07,2025-09-20 20:20:48,fail
15,neutral,anger,0.34,0.11,2025-09-20 20:20:48,success
15,neutral,disgust,0.28,0.07,2025-09-20 20:20:48,fail
15,neutral,neutral,0.33,1.0,2025-09-20 20:20:49,success
15,neutral,sleepiness,0.32,0.07,2025-09-20 20:20:49,fail
16,neutral,amused,0.31,0.07,2025-09-20 20:20:49,fail
16,neutral,anger,0.34,0.11,2025-09-20 20:20:49,success
16,neutral,disgust,0.28,0.07,2025-09-20 20:20:50,fail
16,neutral,neutral,0.33,1.0,2025-09-20 20:20:50,success
16,neutral,sleepiness,0.32,0.07,2025-09-20 20:20:50,fail
17,neutral,amused,0.31,0.07,2025-09-20 20:20:50,fail
17,neutral,anger,0.34,0.11,2025-09-20 20:20:51,success
17,neutral,disgust,0.28,0.07,2025-09-20 20:20:51,fail
17,neutral,neutral,0.33,1.0,2025-09-20 20:20:51,success
17,neutral,sleepiness,0.32,0.07,2025-09-20 20:20:52,fail
18,neutral,amused,0.31,0.07,2025-09-20 20:20:52,fail
18,neutral,anger,0.34,0.11,2025-09-20 20:20:52,success
18,neutral,disgust,0.28,0.07,2025-09-20 20:20:52,fail
18,neutral,neutral,0.33,1.0,2025-09-20 20:20:53,success
18,neutral,sleepiness,0.32,0.07,2025-09-20 20:20:53,fail
19,neutral,amused,0.31,0.07,2025-09-20 20:20:53,fail
19,neutral,anger,0.34,0.11,2025-09-20 20:20:54,success
19,neutral,disgust,0.28,0.07,2025-09-20 20:20:54,fail
19,neutral,neutral,0.33,1.0,2025-09-20 20:20:54,success
19,neutral,sleepiness,0.32,0.07,2025-09-20 20:20:55,fail
20,neutral,amused,0.31,0.07,2025-09-20 20:20:55,fail
20,neutral,anger,0.34,0.11,2025-09-20 20:20:55,success
20,neutral,disgust,0.28,0.07,2025-09-20 20:20:56,fail
20,neutral,neutral,0.33,1.0,2025-09-20 20:20:56,success
20,neutral,sleepiness,0.32,0.07,2025-09-20 20:20:57,fail
21,neutral,amused,0.31,0.07,2025-09-20 20:20:57,fail
21,neutral,anger,0.34,0.11,2025-09-20 20:20:57,success
21,neutral,disgust,0.28,0.07,2025-09-20 20:20:58,fail
21,neutral,neutral,0.33,1.0,2025-09-20 20:20:58,success
21,neutral,sleepiness,0.32,0.07,2025-09-20 20:20:59,fail
22,neutral,amused,0.31,0.07,2025-09-20 20:20:59,fail
22,neutral,anger,0.34,0.11,2025-09-20 20:20:59,success
22,neutral,disgust,0.28,0.07,2025-09-20 20:21:00,fail
22,neutral,neutral,0.33,1.0,2025-09-20 20:21:00,success
22,neutral,sleepiness,0.32,0.07,2025-09-20 20:21:00,fail
23,neutral,amused,0.31,0.07,2025-09-20 20:21:01,fail
23,neutral,anger,0.34,0.11,2025-09-20 20:21:01,success
23,neutral,disgust,0.28,0.07,2025-09-20 20:21:01,fail
23,neutral,neutral,0.33,1.0,2025-09-20 20:21:02,success
23,neutral,sleepiness,0.32,0.07,2025-09-20 20:21:02,fail
24,neutral,amused,0.31,0.07,2025-09-20 20:21:02,fail
24,neutral,anger,0.34,0.11,2025-09-20 20:21:02,success
24,neutral,disgust,0.28,0.07,2025-09-20 20:21:03,fail
24,neutral,neutral,0.33,1.0,2025-09-20 20:21:03,success
24,neutral,sleepiness,0.32,0.07,2025-09-20 20:21:03,fail
25,neutral,amused,0.31,0.07,2025-09-20 20:21:03,fail
25,neutral,anger,0.34,0.11,2025-09-20 20:21:04,success
25,neutral,disgust,0.28,0.07,2025-09-20 20:21:04,fail
25,neutral,neutral,0.33,1.0,2025-09-20 20:21:04,success
25,neutral,sleepiness,0.32,0.07,2025-09-20 20:21:05,fail
26,neutral,amused,0.31,0.07,2025-09-20 20:21:05,fail
26,neutral,anger,0.34,0.11,2025-09-20 20:21:05,success
26,neutral,disgust,0.28,0.07,2025-09-20 20:21:05,fail
26,neutral,neutral,0.33,1.0,2025-09-20 20:21:06,success
26,neutral,sleepiness,0.32,0.07,2025-09-20 20:21:06,fail
27,neutral,amused,0.31,0.07,2025-09-20 20:21:06,fail
27,neutral,anger,0.34,0.11,2025-09-20 20:21:07,success
27,neutral,disgust,0.28,0.07,2025-09-20 20:21:07,fail
27,neutral,neutral,0.33,1.0,2025-09-20 20:21:07,success
27,neutral,sleepiness,0.32,0.07,2025-09-20 20:21:07,fail
28,neutral,amused,0.31,0.07,2025-09-20 20:21:08,fail
28,neutral,anger,0.34,0.11,2025-09-20 20:21:08,success
28,neutral,disgust,0.28,0.07,2025-09-20 20:21:08,fail
28,neutral,neutral,0.33,1.0,2025-09-20 20:21:09,success
28,neutral,sleepiness,0.32,0.07,2025-09-20 20:21:09,fail
29,neutral,amused,0.31,0.07,2025-09-20 20:21:09,fail
29,neutral,anger,0.34,0.11,2025-09-20 20:21:10,success
29,neutral,disgust,0.28,0.07,2025-09-20 20:21:10,fail
29,neutral,neutral,0.33,1.0,2025-09-20 20:21:10,success
29,neutral,sleepiness,0.32,0.07,2025-09-20 20:21:11,fail
30,neutral,amused,0.31,0.07,2025-09-20 20:21:11,fail
30,neutral,anger,0.34,0.11,2025-09-20 20:21:11,success
30,neutral,disgust,0.28,0.07,2025-09-20 20:21:12,fail
30,neutral,neutral,0.33,1.0,2025-09-20 20:21:12,success
30,neutral,sleepiness,0.32,0.07,2025-09-20 20:21:12,fail
31,neutral,amused,0.31,0.07,2025-09-20 20:21:13,fail
31,neutral,anger,0.34,0.11,2025-09-20 20:21:13,success
31,neutral,disgust,0.28,0.07,2025-09-20 20:21:13,fail
31,neutral,neutral,0.33,1.0,2025-09-20 20:21:14,success
31,neutral,sleepiness,0.32,0.07,2025-09-20 20:21:14,fail
32,neutral,amused,0.31,0.07,2025-09-20 20:21:14,fail
32,neutral,anger,0.34,0.11,2025-09-20 20:21:14,success
32,neutral,disgust,0.28,0.07,2025-09-20 20:21:15,fail
32,neutral,neutral,0.33,1.0,2025-09-20 20:21:15,success
32,neutral,sleepiness,0.32,0.07,2025-09-20 20:21:15,fail
33,neutral,amused,0.31,0.07,2025-09-20 20:21:15,fail
33,neutral,anger,0.34,0.11,2025-09-20 20:21:16,success
33,neutral,disgust,0.28,0.07,2025-09-20 20:21:16,fail
33,neutral,neutral,0.33,1.0,2025-09-20 20:21:16,success
33,neutral,sleepiness,0.32,0.07,2025-09-20 20:21:17,fail
34,neutral,amused,0.31,0.07,2025-09-20 20:21:17,fail
34,neutral,anger,0.34,0.11,2025-09-20 20:21:17,success
34,neutral,disgust,0.28,0.07,2025-09-20 20:21:17,fail
34,neutral,neutral,0.33,1.0,2025-09-20 20:21:18,success
34,neutral,sleepiness,0.32,0.07,2025-09-20 20:21:18,fail
35,neutral,amused,0.31,0.07,2025-09-20 20:21:18,fail
35,neutral,anger,0.34,0.11,2025-09-20 20:21:19,success
35,neutral,disgust,0.28,0.07,2025-09-20 20:21:19,fail
35,neutral,neutral,0.33,1.0,2025-09-20 20:21:19,success
35,neutral,sleepiness,0.32,0.07,2025-09-20 20:21:20,fail
36,neutral,amused,0.31,0.07,2025-09-20 20:21:20,fail
36,neutral,anger,0.34,0.11,2025-09-20 20:21:20,success
36,neutral,disgust,0.28,0.07,2025-09-20 20:21:20,fail
36,neutral,neutral,0.33,1.0,2025-09-20 20:21:21,success
36,neutral,sleepiness,0.32,0.07,2025-09-20 20:21:21,fail
37,neutral,amused,0.31,0.07,2025-09-20 20:21:21,fail
37,neutral,anger,0.34,0.11,2025-09-20 20:21:22,success
37,neutral,disgust,0.28,0.07,2025-09-20 20:21:22,fail
37,neutral,neutral,0.33,1.0,2025-09-20 20:21:22,success
37,neutral,sleepiness,0.32,0.07,2025-09-20 20:21:22,fail
38,neutral,amused,0.31,0.07,2025-09-20 20:21:23,fail
38,neutral,anger,0.34,0.11,2025-09-20 20:21:23,success
38,neutral,disgust,0.28,0.07,2025-09-20 20:21:23,fail
38,neutral,neutral,0.33,1.0,2025-09-20 20:21:23,success
38,neutral,sleepiness,0.32,0.07,2025-09-20 20:21:24,fail
39,neutral,amused,0.31,0.07,2025-09-20 20:21:24,fail
39,neutral,anger,0.34,0.11,2025-09-20 20:21:24,success
39,neutral,disgust,0.28,0.07,2025-09-20 20:21:25,fail
39,neutral,neutral,0.33,1.0,2025-09-20 20:21:25,success
39,neutral,sleepiness,0.32,0.07,2025-09-20 20:21:25,fail
40,neutral,amused,0.31,0.07,2025-09-20 20:21:26,fail
40,neutral,anger,0.34,0.11,2025-09-20 20:21:26,success
40,neutral,disgust,0.28,0.07,2025-09-20 20:21:26,fail
40,neutral,neutral,0.33,1.0,2025-09-20 20:21:27,success
40,neutral,sleepiness,0.32,0.07,2025-09-20 20:21:27,fail
41,neutral,amused,0.31,0.07,2025-09-20 20:21:27,fail
41,neutral,anger,0.34,0.11,2025-09-20 20:21:28,success
41,neutral,disgust,0.28,0.07,2025-09-20 20:21:28,fail
41,neutral,neutral,0.33,1.0,2025-09-20 20:21:28,success
41,neutral,sleepiness,0.32,0.07,2025-09-20 20:21:29,fail
42,neutral,amused,0.31,0.07,2025-09-20 20:21:29,fail
42,neutral,anger,0.34,0.11,2025-09-20 20:21:29,success
42,neutral,disgust,0.28,0.07,2025-09-20 20:21:29,fail
42,neutral,neutral,0.33,1.0,2025-09-20 20:21:30,success
42,neutral,sleepiness,0.32,0.07,2025-09-20 20:21:30,fail
43,neutral,amused,0.31,0.07,2025-09-20 20:21:30,fail
43,neutral,anger,0.34,0.11,2025-09-20 20:21:31,success
43,neutral,disgust,0.28,0.07,2025-09-20 20:21:31,fail
43,neutral,neutral,0.33,1.0,2025-09-20 20:21:31,success
43,neutral,sleepiness,0.32,0.07,2025-09-20 20:21:31,fail
44,neutral,amused,0.31,0.07,2025-09-20 20:21:32,fail
44,neutral,anger,0.34,0.11,2025-09-20 20:21:32,success
44,neutral,disgust,0.28,0.07,2025-09-20 20:21:32,fail
44,neutral,neutral,0.33,1.0,2025-09-20 20:21:32,success
44,neutral,sleepiness,0.32,0.07,2025-09-20 20:21:33,fail
45,neutral,amused,0.31,0.07,2025-09-20 20:21:33,fail
45,neutral,anger,0.34,0.11,2025-09-20 20:21:33,success
45,neutral,disgust,0.28,0.07,2025-09-20 20:21:34,fail
45,neutral,neutral,0.33,1.0,2025-09-20 20:21:34,success
45,neutral,sleepiness,0.32,0.07,2025-09-20 20:21:34,fail
46,neutral,amused,0.31,0.07,2025-09-20 20:21:34,fail
46,neutral,anger,0.34,0.11,2025-09-20 20:21:35,success
46,neutral,disgust,0.28,0.07,2025-09-20 20:21:35,fail
46,neutral,neutral,0.33,1.0,2025-09-20 20:21:35,success
46,neutral,sleepiness,0.32,0.07,2025-09-20 20:21:36,fail
47,neutral,amused,0.31,0.07,2025-09-20 20:21:36,fail
47,neutral,anger,0.34,0.11,2025-09-20 20:21:36,success
47,neutral,disgust,0.28,0.07,2025-09-20 20:21:36,fail
47,neutral,neutral,0.33,1.0,2025-09-20 20:21:37,success
47,neutral,sleepiness,0.32,0.07,2025-09-20 20:21:37,fail
48,neutral,amused,0.31,0.07,2025-09-20 20:21:37,fail
48,neutral,anger,0.34,0.11,2025-09-20 20:21:37,success
48,neutral,disgust,0.28,0.07,2025-09-20 20:21:38,fail
48,neutral,neutral,0.33,1.0,2025-09-20 20:21:38,success
48,neutral,sleepiness,0.32,0.07,2025-09-20 20:21:38,fail
49,neutral,amused,0.31,0.07,2025-09-20 20:21:39,fail
49,neutral,anger,0.34,0.11,2025-09-20 20:21:39,success
49,neutral,disgust,0.28,0.07,2025-09-20 20:21:39,fail
49,neutral,neutral,0.33,1.0,2025-09-20 20:21:39,success
49,neutral,sleepiness,0.32,0.07,2025-09-20 20:21:40,fail
50,neutral,amused,0.31,0.07,2025-09-20 20:21:40,fail
50,neutral,anger,0.34,0.11,2025-09-20 20:21:40,success
50,neutral,disgust,0.28,0.07,2025-09-20 20:21:41,fail
50,neutral,neutral,0.33,1.0,2025-09-20 20:21:41,success
50,neutral,sleepiness,0.32,0.07,2025-09-20 20:21:41,fail
51,neutral,amused,0.31,0.07,2025-09-20 20:21:41,fail
51,neutral,anger,0.34,0.11,2025-09-20 20:21:42,success
51,neutral,disgust,0.28,0.07,2025-09-20 20:21:42,fail
51,neutral,neutral,0.33,1.0,2025-09-20 20:21:42,success
51,neutral,sleepiness,0.32,0.07,2025-09-20 20:21:42,fail
52,neutral,amused,0.31,0.07,2025-09-20 20:21:43,fail
52,neutral,anger,0.34,0.11,2025-09-20 20:21:43,success
52,neutral,disgust,0.28,0.07,2025-09-20 20:21:43,fail
52,neutral,neutral,0.33,1.0,2025-09-20 20:21:44,success
52,neutral,sleepiness,0.32,0.07,2025-09-20 20:21:44,fail
53,neutral,amused,0.31,0.07,2025-09-20 20:21:44,fail
53,neutral,anger,0.34,0.11,2025-09-20 20:21:45,success
53,neutral,disgust,0.28,0.07,2025-09-20 20:21:45,fail
53,neutral,neutral,0.33,1.0,2025-09-20 20:21:45,success
53,neutral,sleepiness,0.32,0.07,2025-09-20 20:21:45,fail
54,neutral,amused,0.31,0.07,2025-09-20 20:21:46,fail
54,neutral,anger,0.34,0.11,2025-09-20 20:21:46,success
54,neutral,disgust,0.28,0.07,2025-09-20 20:21:46,fail
54,neutral,neutral,0.33,1.0,2025-09-20 20:21:46,success
54,neutral,sleepiness,0.32,0.07,2025-09-20 20:21:47,fail
55,neutral,amused,0.31,0.07,2025-09-20 20:21:47,fail
55,neutral,anger,0.34,0.11,2025-09-20 20:21:47,success
55,neutral,disgust,0.28,0.07,2025-09-20 20:21:47,fail
55,neutral,neutral,0.33,1.0,2025-09-20 20:21:48,success
55,neutral,sleepiness,0.32,0.07,2025-09-20 20:21:48,fail
56,neutral,amused,0.31,0.07,2025-09-20 20:21:48,fail
56,neutral,anger,0.34,0.11,2025-09-20 20:21:49,success
56,neutral,disgust,0.28,0.07,2025-09-20 20:21:49,fail
56,neutral,neutral,0.33,1.0,2025-09-20 20:21:49,success
56,neutral,sleepiness,0.32,0.07,2025-09-20 20:21:50,fail
57,neutral,amused,0.31,0.07,2025-09-20 20:21:50,fail
57,neutral,anger,0.34,0.11,2025-09-20 20:21:50,success
57,neutral,disgust,0.28,0.07,2025-09-20 20:21:50,fail
57,neutral,neutral,0.33,1.0,2025-09-20 20:21:51,success
57,neutral,sleepiness,0.32,0.07,2025-09-20 20:21:51,fail
58,neutral,amused,0.31,0.07,2025-09-20 20:21:51,fail
58,neutral,anger,0.34,0.11,2025-09-20 20:21:52,success
58,neutral,disgust,0.28,0.07,2025-09-20 20:21:52,fail
58,neutral,neutral,0.33,1.0,2025-09-20 20:21:52,success
58,neutral,sleepiness,0.32,0.07,2025-09-20 20:21:53,fail
59,neutral,amused,0.31,0.07,2025-09-20 20:21:53,fail
59,neutral,anger,0.34,0.11,2025-09-20 20:21:53,success
59,neutral,disgust,0.28,0.07,2025-09-20 20:21:53,fail
59,neutral,neutral,0.33,1.0,2025-09-20 20:21:54,success
59,neutral,sleepiness,0.32,0.07,2025-09-20 20:21:54,fail
60,neutral,amused,0.31,0.07,2025-09-20 20:21:54,fail
60,neutral,anger,0.34,0.11,2025-09-20 20:21:55,success
60,neutral,disgust,0.28,0.07,2025-09-20 20:21:55,fail
60,neutral,neutral,0.33,1.0,2025-09-20 20:21:55,success
60,neutral,sleepiness,0.32,0.07,2025-09-20 20:21:55,fail
61,neutral,amused,0.31,0.07,2025-09-20 20:21:56,fail
61,neutral,anger,0.34,0.11,2025-09-20 20:21:56,success
61,neutral,disgust,0.28,0.07,2025-09-20 20:21:56,fail
61,neutral,neutral,0.33,1.0,2025-09-20 20:21:56,success
61,neutral,sleepiness,0.32,0.07,2025-09-20 20:21:57,fail
62,neutral,amused,0.31,0.07,2025-09-20 20:21:57,fail
62,neutral,anger,0.34,0.11,2025-09-20 20:21:57,success
62,neutral,disgust,0.28,0.07,2025-09-20 20:21:58,fail
62,neutral,neutral,0.33,1.0,2025-09-20 20:21:58,success
62,neutral,sleepiness,0.32,0.07,2025-09-20 20:21:58,fail
63,neutral,amused,0.31,0.07,2025-09-20 20:21:59,fail
63,neutral,anger,0.34,0.11,2025-09-20 20:21:59,success
63,neutral,disgust,0.28,0.07,2025-09-20 20:21:59,fail
63,neutral,neutral,0.33,1.0,2025-09-20 20:22:00,success
63,neutral,sleepiness,0.32,0.07,2025-09-20 20:22:00,fail
64,neutral,amused,0.31,0.07,2025-09-20 20:22:00,fail
64,neutral,anger,0.34,0.11,2025-09-20 20:22:00,success
64,neutral,disgust,0.28,0.07,2025-09-20 20:22:01,fail
64,neutral,neutral,0.33,1.0,2025-09-20 20:22:01,success
64,neutral,sleepiness,0.32,0.07,2025-09-20 20:22:01,fail
65,neutral,amused,0.31,0.07,2025-09-20 20:22:01,fail
65,neutral,anger,0.34,0.11,2025-09-20 20:22:02,success
65,neutral,disgust,0.28,0.07,2025-09-20 20:22:02,fail
65,neutral,neutral,0.33,1.0,2025-09-20 20:22:02,success
65,neutral,sleepiness,0.32,0.07,2025-09-20 20:22:03,fail
66,neutral,amused,0.31,0.07,2025-09-20 20:22:03,fail
66,neutral,anger,0.34,0.11,2025-09-20 20:22:03,success
66,neutral,disgust,0.28,0.07,2025-09-20 20:22:03,fail
66,neutral,neutral,0.33,1.0,2025-09-20 20:22:04,success
66,neutral,sleepiness,0.32,0.07,2025-09-20 20:22:04,fail
67,neutral,amused,0.31,0.07,2025-09-20 20:22:04,fail
67,neutral,anger,0.34,0.11,2025-09-20 20:22:05,success
67,neutral,disgust,0.28,0.07,2025-09-20 20:22:05,fail
67,neutral,neutral,0.33,1.0,2025-09-20 20:22:05,success
67,neutral,sleepiness,0.32,0.07,2025-09-20 20:22:05,fail
68,neutral,amused,0.31,0.07,2025-09-20 20:22:06,fail
68,neutral,anger,0.34,0.11,2025-09-20 20:22:06,success
68,neutral,disgust,0.28,0.07,2025-09-20 20:22:06,fail
68,neutral,neutral,0.33,1.0,2025-09-20 20:22:07,success
68,neutral,sleepiness,0.32,0.07,2025-09-20 20:22:07,fail
69,neutral,amused,0.31,0.07,2025-09-20 20:22:07,fail
69,neutral,anger,0.34,0.11,2025-09-20 20:22:07,success
69,neutral,disgust,0.28,0.07,2025-09-20 20:22:08,fail
69,neutral,neutral,0.33,1.0,2025-09-20 20:22:08,success
69,neutral,sleepiness,0.32,0.07,2025-09-20 20:22:08,fail
70,neutral,amused,0.31,0.07,2025-09-20 20:22:08,fail
70,neutral,anger,0.34,0.11,2025-09-20 20:22:09,success
70,neutral,disgust,0.28,0.07,2025-09-20 20:22:09,fail
70,neutral,neutral,0.33,1.0,2025-09-20 20:22:09,success
70,neutral,sleepiness,0.32,0.07,2025-09-20 20:22:09,fail
71,neutral,amused,0.31,0.07,2025-09-20 20:22:10,fail
71,neutral,anger,0.34,0.11,2025-09-20 20:22:10,success
71,neutral,disgust,0.28,0.07,2025-09-20 20:22:10,fail
71,neutral,neutral,0.33,1.0,2025-09-20 20:22:10,success
71,neutral,sleepiness,0.32,0.07,2025-09-20 20:22:11,fail
72,neutral,amused,0.31,0.07,2025-09-20 20:22:11,fail
72,neutral,anger,0.34,0.11,2025-09-20 20:22:11,success
72,neutral,disgust,0.28,0.07,2025-09-20 20:22:12,fail
72,neutral,neutral,0.33,1.0,2025-09-20 20:22:12,success
72,neutral,sleepiness,0.32,0.07,2025-09-20 20:22:12,fail
73,neutral,amused,0.31,0.07,2025-09-20 20:22:12,fail
73,neutral,anger,0.34,0.11,2025-09-20 20:22:13,success
73,neutral,disgust,0.28,0.07,2025-09-20 20:22:13,fail
73,neutral,neutral,0.33,1.0,2025-09-20 20:22:13,success
73,neutral,sleepiness,0.32,0.07,2025-09-20 20:22:13,fail
74,neutral,amused,0.31,0.07,2025-09-20 20:22:14,fail
74,neutral,anger,0.34,0.11,2025-09-20 20:22:14,success
74,neutral,disgust,0.28,0.07,2025-09-20 20:22:14,fail
74,neutral,neutral,0.33,1.0,2025-09-20 20:22:14,success
74,neutral,sleepiness,0.32,0.07,2025-09-20 20:22:15,fail
75,neutral,amused,0.31,0.07,2025-09-20 20:22:15,fail
75,neutral,anger,0.34,0.11,2025-09-20 20:22:15,success
75,neutral,disgust,0.28,0.07,2025-09-20 20:22:16,fail
75,neutral,neutral,0.33,1.0,2025-09-20 20:22:16,success
75,neutral,sleepiness,0.32,0.07,2025-09-20 20:22:17,fail
76,neutral,amused,0.31,0.07,2025-09-20 20:22:17,fail
76,neutral,anger,0.34,0.11,2025-09-20 20:22:17,success
76,neutral,disgust,0.28,0.07,2025-09-20 20:22:17,fail
76,neutral,neutral,0.33,1.0,2025-09-20 20:22:18,success
76,neutral,sleepiness,0.32,0.07,2025-09-20 20:22:18,fail
77,neutral,amused,0.31,0.07,2025-09-20 20:22:18,fail
77,neutral,anger,0.34,0.11,2025-09-20 20:22:18,success
77,neutral,disgust,0.28,0.07,2025-09-20 20:22:19,fail
77,neutral,neutral,0.33,1.0,2025-09-20 20:22:19,success
77,neutral,sleepiness,0.32,0.07,2025-09-20 20:22:19,fail
78,neutral,amused,0.31,0.07,2025-09-20 20:22:20,fail
78,neutral,anger,0.34,0.11,2025-09-20 20:22:20,success
78,neutral,disgust,0.28,0.07,2025-09-20 20:22:20,fail
78,neutral,neutral,0.33,1.0,2025-09-20 20:22:20,success
78,neutral,sleepiness,0.32,0.07,2025-09-20 20:22:21,fail
79,neutral,amused,0.31,0.07,2025-09-20 20:22:21,fail
79,neutral,anger,0.34,0.11,2025-09-20 20:22:21,success
79,neutral,disgust,0.28,0.07,2025-09-20 20:22:21,fail
79,neutral,neutral,0.33,1.0,2025-09-20 20:22:22,success
79,neutral,sleepiness,0.32,0.07,2025-09-20 20:22:22,fail
80,neutral,amused,0.31,0.07,2025-09-20 20:22:22,fail
80,neutral,anger,0.34,0.11,2025-09-20 20:22:22,success
80,neutral,disgust,0.28,0.07,2025-09-20 20:22:23,fail
80,neutral,neutral,0.33,1.0,2025-09-20 20:22:23,success
80,neutral,sleepiness,0.32,0.07,2025-09-20 20:22:23,fail
81,neutral,amused,0.31,0.07,2025-09-20 20:22:23,fail
81,neutral,anger,0.34,0.11,2025-09-20 20:22:24,success
81,neutral,disgust,0.28,0.07,2025-09-20 20:22:24,fail
81,neutral,neutral,0.33,1.0,2025-09-20 20:22:24,success
81,neutral,sleepiness,0.32,0.07,2025-09-20 20:22:25,fail
82,neutral,amused,0.31,0.07,2025-09-20 20:22:25,fail
82,neutral,anger,0.34,0.11,2025-09-20 20:22:25,success
82,neutral,disgust,0.28,0.07,2025-09-20 20:22:26,fail
82,neutral,neutral,0.33,1.0,2025-09-20 20:22:26,success
82,neutral,sleepiness,0.32,0.07,2025-09-20 20:22:26,fail
83,neutral,amused,0.31,0.07,2025-09-20 20:22:26,fail
83,neutral,anger,0.34,0.11,2025-09-20 20:22:27,success
83,neutral,disgust,0.28,0.07,2025-09-20 20:22:27,fail
83,neutral,neutral,0.33,1.0,2025-09-20 20:22:27,success
83,neutral,sleepiness,0.32,0.07,2025-09-20 20:22:27,fail
84,neutral,amused,0.31,0.07,2025-09-20 20:22:28,fail
84,neutral,anger,0.34,0.11,2025-09-20 20:22:28,success
84,neutral,disgust,0.28,0.07,2025-09-20 20:22:28,fail
84,neutral,neutral,0.33,1.0,2025-09-20 20:22:29,success
84,neutral,sleepiness,0.32,0.07,2025-09-20 20:22:29,fail
85,neutral,amused,0.31,0.07,2025-09-20 20:22:29,fail
85,neutral,anger,0.34,0.11,2025-09-20 20:22:29,success
85,neutral,disgust,0.28,0.07,2025-09-20 20:22:30,fail
85,neutral,neutral,0.33,1.0,2025-09-20 20:22:30,success
85,neutral,sleepiness,0.32,0.07,2025-09-20 20:22:30,fail
86,neutral,amused,0.31,0.07,2025-09-20 20:22:30,fail
86,neutral,anger,0.34,0.11,2025-09-20 20:22:31,success
86,neutral,disgust,0.28,0.07,2025-09-20 20:22:31,fail
86,neutral,neutral,0.33,1.0,2025-09-20 20:22:32,success
86,neutral,sleepiness,0.32,0.07,2025-09-20 20:22:32,fail
87,neutral,amused,0.31,0.07,2025-09-20 20:22:32,fail
87,neutral,anger,0.34,0.11,2025-09-20 20:22:33,success
87,neutral,disgust,0.28,0.07,2025-09-20 20:22:33,fail
87,neutral,neutral,0.33,1.0,2025-09-20 20:22:33,success
87,neutral,sleepiness,0.32,0.07,2025-09-20 20:22:33,fail
88,neutral,amused,0.31,0.07,2025-09-20 20:22:34,fail
88,neutral,anger,0.34,0.11,2025-09-20 20:22:34,success
88,neutral,disgust,0.28,0.07,2025-09-20 20:22:34,fail
88,neutral,neutral,0.33,1.0,2025-09-20 20:22:34,success
88,neutral,sleepiness,0.32,0.07,2025-09-20 20:22:35,fail
89,neutral,amused,0.31,0.07,2025-09-20 20:22:35,fail
89,neutral,anger,0.34,0.11,2025-09-20 20:22:35,success
89,neutral,disgust,0.28,0.07,2025-09-20 20:22:36,fail
89,neutral,neutral,0.33,1.0,2025-09-20 20:22:36,success
89,neutral,sleepiness,0.32,0.07,2025-09-20 20:22:36,fail
90,neutral,amused,0.31,0.07,2025-09-20 20:22:37,fail
90,neutral,anger,0.34,0.11,2025-09-20 20:22:37,success
90,neutral,disgust,0.28,0.07,2025-09-20 20:22:37,fail
90,neutral,neutral,0.33,1.0,2025-09-20 20:22:37,success
90,neutral,sleepiness,0.32,0.07,2025-09-20 20:22:38,fail
91,neutral,amused,0.31,0.07,2025-09-20 20:22:38,fail
91,neutral,anger,0.34,0.11,2025-09-20 20:22:38,success
91,neutral,disgust,0.28,0.07,2025-09-20 20:22:38,fail
91,neutral,neutral,0.33,1.0,2025-09-20 20:22:39,success
91,neutral,sleepiness,0.32,0.07,2025-09-20 20:22:39,fail
92,neutral,amused,0.31,0.07,2025-09-20 20:22:39,fail
92,neutral,anger,0.34,0.11,2025-09-20 20:22:40,success
92,neutral,disgust,0.28,0.07,2025-09-20 20:22:40,fail
92,neutral,neutral,0.33,1.0,2025-09-20 20:22:40,success
92,neutral,sleepiness,0.32,0.07,2025-09-20 20:22:41,fail
93,neutral,amused,0.31,0.07,2025-09-20 20:22:41,fail
93,neutral,anger,0.34,0.11,2025-09-20 20:22:42,success
93,neutral,disgust,0.28,0.07,2025-09-20 20:22:42,fail
93,neutral,neutral,0.33,1.0,2025-09-20 20:22:42,success
93,neutral,sleepiness,0.32,0.07,2025-09-20 20:22:42,fail
94,neutral,amused,0.31,0.07,2025-09-20 20:22:43,fail
94,neutral,anger,0.34,0.11,2025-09-20 20:22:43,success
94,neutral,disgust,0.28,0.07,2025-09-20 20:22:43,fail
94,neutral,neutral,0.33,1.0,2025-09-20 20:22:43,success
94,neutral,sleepiness,0.32,0.07,2025-09-20 20:22:44,fail
95,neutral,amused,0.31,0.07,2025-09-20 20:22:44,fail
95,neutral,anger,0.34,0.11,2025-09-20 20:22:44,success
95,neutral,disgust,0.28,0.07,2025-09-20 20:22:44,fail
95,neutral,neutral,0.33,1.0,2025-09-20 20:22:45,success
95,neutral,sleepiness,0.32,0.07,2025-09-20 20:22:45,fail
96,neutral,amused,0.31,0.07,2025-09-20 20:22:45,fail
96,neutral,anger,0.34,0.11,2025-09-20 20:22:45,success
96,neutral,disgust,0.28,0.07,2025-09-20 20:22:46,fail
96,neutral,neutral,0.33,1.0,2025-09-20 20:22:46,success
96,neutral,sleepiness,0.32,0.07,2025-09-20 20:22:47,fail
97,neutral,amused,0.31,0.07,2025-09-20 20:22:47,fail
97,neutral,anger,0.34,0.11,2025-09-20 20:22:47,success
97,neutral,disgust,0.28,0.07,2025-09-20 20:22:48,fail
97,neutral,neutral,0.33,1.0,2025-09-20 20:22:48,success
97,neutral,sleepiness,0.32,0.07,2025-09-20 20:22:48,fail
98,neutral,amused,0.31,0.07,2025-09-20 20:22:48,fail
98,neutral,anger,0.34,0.11,2025-09-20 20:22:49,success
98,neutral,disgust,0.28,0.07,2025-09-20 20:22:49,fail
98,neutral,neutral,0.33,1.0,2025-09-20 20:22:49,success
98,neutral,sleepiness,0.32,0.07,2025-09-20 20:22:50,fail
99,neutral,amused,0.31,0.07,2025-09-20 20:22:50,fail
99,neutral,anger,0.34,0.11,2025-09-20 20:22:50,success
99,neutral,disgust,0.28,0.07,2025-09-20 20:22:50,fail
99,neutral,neutral,0.33,1.0,2025-09-20 20:22:51,success
99,neutral,sleepiness,0.32,0.07,2025-09-20 20:22:51,fail
100,neutral,amused,0.31,0.07,2025-09-20 20:22:51,fail
100,neutral,anger,0.34,0.11,2025-09-20 20:22:52,success
100,neutral,disgust,0.28,0.07,2025-09-20 20:22:52,fail
100,neutral,neutral,0.33,1.0,2025-09-20 20:22:52,success
100,neutral,sleepiness,0.32,0.07,2025-09-20 20:22:53,fail
101,neutral,amused,0.31,0.07,2025-09-20 20:22:53,fail
101,neutral,anger,0.34,0.11,2025-09-20 20:22:53,success
101,neutral,disgust,0.28,0.07,2025-09-20 20:22:53,fail
101,neutral,neutral,0.33,1.0,2025-09-20 20:22:54,success
101,neutral,sleepiness,0.32,0.07,2025-09-20 20:22:54,fail
102,neutral,amused,0.31,0.07,2025-09-20 20:22:54,fail
102,neutral,anger,0.34,0.11,2025-09-20 20:22:55,success
102,neutral,disgust,0.28,0.07,2025-09-20 20:22:55,fail
102,neutral,neutral,0.33,1.0,2025-09-20 20:22:55,success
102,neutral,sleepiness,0.32,0.07,2025-09-20 20:22:55,fail
103,neutral,amused,0.31,0.07,2025-09-20 20:22:56,fail
103,neutral,anger,0.34,0.11,2025-09-20 20:22:56,success
103,neutral,disgust,0.28,0.07,2025-09-20 20:22:56,fail
103,neutral,neutral,0.33,1.0,2025-09-20 20:22:56,success
103,neutral,sleepiness,0.32,0.07,2025-09-20 20:22:57,fail
104,neutral,amused,0.31,0.07,2025-09-20 20:22:57,fail
104,neutral,anger,0.34,0.11,2025-09-20 20:22:57,success
104,neutral,disgust,0.28,0.07,2025-09-20 20:22:58,fail
104,neutral,neutral,0.33,1.0,2025-09-20 20:22:58,success
104,neutral,sleepiness,0.32,0.07,2025-09-20 20:22:58,fail
105,neutral,amused,0.31,0.07,2025-09-20 20:22:58,fail
105,neutral,anger,0.34,0.11,2025-09-20 20:22:59,success
105,neutral,disgust,0.28,0.07,2025-09-20 20:22:59,fail
105,neutral,neutral,0.33,1.0,2025-09-20 20:22:59,success
105,neutral,sleepiness,0.32,0.07,2025-09-20 20:23:00,fail
106,neutral,amused,0.31,0.07,2025-09-20 20:23:00,fail
106,neutral,anger,0.34,0.11,2025-09-20 20:23:00,success
106,neutral,disgust,0.28,0.07,2025-09-20 20:23:00,fail
106,neutral,neutral,0.33,1.0,2025-09-20 20:23:01,success
106,neutral,sleepiness,0.32,0.07,2025-09-20 20:23:01,fail
107,neutral,amused,0.31,0.07,2025-09-20 20:23:01,fail
107,neutral,anger,0.34,0.11,2025-09-20 20:23:01,success
107,neutral,disgust,0.28,0.07,2025-09-20 20:23:02,fail
107,neutral,neutral,0.33,1.0,2025-09-20 20:23:02,success
107,neutral,sleepiness,0.32,0.07,2025-09-20 20:23:02,fail
108,neutral,amused,0.31,0.07,2025-09-20 20:23:03,fail
108,neutral,anger,0.34,0.11,2025-09-20 20:23:03,success
108,neutral,disgust,0.28,0.07,2025-09-20 20:23:03,fail
108,neutral,neutral,0.33,1.0,2025-09-20 20:23:04,success
108,neutral,sleepiness,0.32,0.07,2025-09-20 20:23:04,fail
109,neutral,amused,0.31,0.07,2025-09-20 20:23:04,fail
109,neutral,anger,0.34,0.11,2025-09-20 20:23:04,success
109,neutral,disgust,0.28,0.07,2025-09-20 20:23:05,fail
109,neutral,neutral,0.33,1.0,2025-09-20 20:23:05,success
109,neutral,sleepiness,0.32,0.07,2025-09-20 20:23:05,fail
110,neutral,amused,0.31,0.07,2025-09-20 20:23:06,fail
110,neutral,anger,0.34,0.11,2025-09-20 20:23:06,success
110,neutral,disgust,0.28,0.07,2025-09-20 20:23:06,fail
110,neutral,neutral,0.33,1.0,2025-09-20 20:23:06,success
110,neutral,sleepiness,0.32,0.07,2025-09-20 20:23:07,fail
111,neutral,amused,0.31,0.07,2025-09-20 20:23:07,fail
111,neutral,anger,0.34,0.11,2025-09-20 20:23:07,success
111,neutral,disgust,0.28,0.07,2025-09-20 20:23:07,fail
111,neutral,neutral,0.33,1.0,2025-09-20 20:23:08,success
111,neutral,sleepiness,0.32,0.07,2025-09-20 20:23:08,fail
112,neutral,amused,0.31,0.07,2025-09-20 20:23:08,fail
112,neutral,anger,0.34,0.11,2025-09-20 20:23:09,success
112,neutral,disgust,0.28,0.07,2025-09-20 20:23:09,fail
112,neutral,neutral,0.33,1.0,2025-09-20 20:23:09,success
112,neutral,sleepiness,0.32,0.07,2025-09-20 20:23:09,fail
113,neutral,amused,0.31,0.07,2025-09-20 20:23:10,fail
113,neutral,anger,0.34,0.11,2025-09-20 20:23:10,success
113,neutral,disgust,0.28,0.07,2025-09-20 20:23:10,fail
113,neutral,neutral,0.33,1.0,2025-09-20 20:23:11,success
113,neutral,sleepiness,0.32,0.07,2025-09-20 20:23:11,fail
114,neutral,amused,0.31,0.07,2025-09-20 20:23:11,fail
114,neutral,anger,0.34,0.11,2025-09-20 20:23:12,success
114,neutral,disgust,0.28,0.07,2025-09-20 20:23:12,fail
114,neutral,neutral,0.33,1.0,2025-09-20 20:23:12,success
114,neutral,sleepiness,0.32,0.07,2025-09-20 20:23:12,fail
115,neutral,amused,0.31,0.07,2025-09-20 20:23:13,fail
115,neutral,anger,0.34,0.11,2025-09-20 20:23:13,success
115,neutral,disgust,0.28,0.07,2025-09-20 20:23:13,fail
115,neutral,neutral,0.33,1.0,2025-09-20 20:23:13,success
115,neutral,sleepiness,0.32,0.07,2025-09-20 20:23:14,fail
116,neutral,amused,0.31,0.07,2025-09-20 20:23:14,fail
116,neutral,anger,0.34,0.11,2025-09-20 20:23:14,success
116,neutral,disgust,0.28,0.07,2025-09-20 20:23:15,fail
116,neutral,neutral,0.33,1.0,2025-09-20 20:23:15,success
116,neutral,sleepiness,0.32,0.07,2025-09-20 20:23:15,fail
117,neutral,amused,0.31,0.07,2025-09-20 20:23:15,fail
117,neutral,anger,0.34,0.11,2025-09-20 20:23:16,success
117,neutral,disgust,0.28,0.07,2025-09-20 20:23:16,fail
117,neutral,neutral,0.33,1.0,2025-09-20 20:23:16,success
117,neutral,sleepiness,0.32,0.07,2025-09-20 20:23:17,fail
118,neutral,amused,0.31,0.07,2025-09-20 20:23:17,fail
118,neutral,anger,0.34,0.11,2025-09-20 20:23:17,success
118,neutral,disgust,0.28,0.07,2025-09-20 20:23:17,fail
118,neutral,neutral,0.33,1.0,2025-09-20 20:23:18,success
118,neutral,sleepiness,0.32,0.07,2025-09-20 20:23:18,fail
119,neutral,amused,0.31,0.07,2025-09-20 20:23:18,fail
119,neutral,anger,0.34,0.11,2025-09-20 20:23:19,success
119,neutral,disgust,0.28,0.07,2025-09-20 20:23:19,fail
119,neutral,neutral,0.33,1.0,2025-09-20 20:23:19,success
119,neutral,sleepiness,0.32,0.07,2025-09-20 20:23:20,fail
120,neutral,amused,0.31,0.07,2025-09-20 20:23:20,fail
120,neutral,anger,0.34,0.11,2025-09-20 20:23:20,success
120,neutral,disgust,0.28,0.07,2025-09-20 20:23:20,fail
120,neutral,neutral,0.33,1.0,2025-09-20 20:23:21,success
120,neutral,sleepiness,0.32,0.07,2025-09-20 20:23:21,fail
121,neutral,amused,0.31,0.07,2025-09-20 20:23:21,fail
121,neutral,anger,0.34,0.11,2025-09-20 20:23:21,success
121,neutral,disgust,0.28,0.07,2025-09-20 20:23:22,fail
121,neutral,neutral,0.33,1.0,2025-09-20 20:23:22,success
121,neutral,sleepiness,0.32,0.07,2025-09-20 20:23:22,fail
122,neutral,amused,0.31,0.07,2025-09-20 20:23:22,fail
122,neutral,anger,0.34,0.11,2025-09-20 20:23:23,success
122,neutral,disgust,0.28,0.07,2025-09-20 20:23:23,fail
122,neutral,neutral,0.33,1.0,2025-09-20 20:23:23,success
122,neutral,sleepiness,0.32,0.07,2025-09-20 20:23:24,fail
123,neutral,amused,0.31,0.07,2025-09-20 20:23:24,fail
123,neutral,anger,0.34,0.11,2025-09-20 20:23:24,success
123,neutral,disgust,0.28,0.07,2025-09-20 20:23:24,fail
123,neutral,neutral,0.33,1.0,2025-09-20 20:23:25,success
123,neutral,sleepiness,0.32,0.07,2025-09-20 20:23:25,fail
124,neutral,amused,0.31,0.07,2025-09-20 20:23:25,fail
124,neutral,anger,0.34,0.11,2025-09-20 20:23:25,success
124,neutral,disgust,0.28,0.07,2025-09-20 20:23:26,fail
124,neutral,neutral,0.33,1.0,2025-09-20 20:23:26,success
124,neutral,sleepiness,0.32,0.07,2025-09-20 20:23:26,fail
125,neutral,amused,0.31,0.07,2025-09-20 20:23:27,fail
125,neutral,anger,0.34,0.11,2025-09-20 20:23:27,success
125,neutral,disgust,0.28,0.07,2025-09-20 20:23:27,fail
125,neutral,neutral,0.33,1.0,2025-09-20 20:23:27,success
125,neutral,sleepiness,0.32,0.07,2025-09-20 20:23:28,fail
126,neutral,amused,0.31,0.07,2025-09-20 20:23:28,fail
126,neutral,anger,0.34,0.11,2025-09-20 20:23:28,success
126,neutral,disgust,0.28,0.07,2025-09-20 20:23:29,fail
126,neutral,neutral,0.33,1.0,2025-09-20 20:23:29,success
126,neutral,sleepiness,0.32,0.07,2025-09-20 20:23:29,fail
127,neutral,amused,0.31,0.07,2025-09-20 20:23:29,fail
127,neutral,anger,0.34,0.11,2025-09-20 20:23:30,success
127,neutral,disgust,0.28,0.07,2025-09-20 20:23:30,fail
127,neutral,neutral,0.33,1.0,2025-09-20 20:23:30,success
127,neutral,sleepiness,0.32,0.07,2025-09-20 20:23:31,fail
128,neutral,amused,0.31,0.07,2025-09-20 20:23:31,fail
128,neutral,anger,0.34,0.11,2025-09-20 20:23:31,success
128,neutral,disgust,0.28,0.07,2025-09-20 20:23:31,fail
128,neutral,neutral,0.33,1.0,2025-09-20 20:23:32,success
128,neutral,sleepiness,0.32,0.07,2025-09-20 20:23:32,fail
129,neutral,amused,0.31,0.07,2025-09-20 20:23:32,fail
129,neutral,anger,0.34,0.11,2025-09-20 20:23:32,success
129,neutral,disgust,0.28,0.07,2025-09-20 20:23:33,fail
129,neutral,neutral,0.33,1.0,2025-09-20 20:23:33,success
129,neutral,sleepiness,0.32,0.07,2025-09-20 20:23:33,fail
130,neutral,amused,0.31,0.07,2025-09-20 20:23:33,fail
130,neutral,anger,0.34,0.11,2025-09-20 20:23:34,success
130,neutral,disgust,0.28,0.07,2025-09-20 20:23:34,fail
130,neutral,neutral,0.33,1.0,2025-09-20 20:23:34,success
130,neutral,sleepiness,0.32,0.07,2025-09-20 20:23:35,fail
131,neutral,amused,0.31,0.07,2025-09-20 20:23:35,fail
131,neutral,anger,0.34,0.11,2025-09-20 20:23:35,success
131,neutral,disgust,0.28,0.07,2025-09-20 20:23:36,fail
131,neutral,neutral,0.33,1.0,2025-09-20 20:23:36,success
131,neutral,sleepiness,0.32,0.07,2025-09-20 20:23:36,fail
132,neutral,amused,0.31,0.07,2025-09-20 20:23:36,fail
132,neutral,anger,0.34,0.11,2025-09-20 20:23:37,success
132,neutral,disgust,0.28,0.07,2025-09-20 20:23:37,fail
132,neutral,neutral,0.33,1.0,2025-09-20 20:23:37,success
132,neutral,sleepiness,0.32,0.07,2025-09-20 20:23:38,fail
133,neutral,amused,0.31,0.07,2025-09-20 20:23:38,fail
133,neutral,anger,0.34,0.11,2025-09-20 20:23:38,success
133,neutral,disgust,0.28,0.07,2025-09-20 20:23:39,fail
133,neutral,neutral,0.33,1.0,2025-09-20 20:23:39,success
133,neutral,sleepiness,0.32,0.07,2025-09-20 20:23:39,fail
134,neutral,amused,0.31,0.07,2025-09-20 20:23:39,fail
134,neutral,anger,0.34,0.11,2025-09-20 20:23:40,success
134,neutral,disgust,0.28,0.07,2025-09-20 20:23:40,fail
134,neutral,neutral,0.33,1.0,2025-09-20 20:23:40,success
134,neutral,sleepiness,0.32,0.07,2025-09-20 20:23:40,fail
135,neutral,amused,0.31,0.07,2025-09-20 20:23:41,fail
135,neutral,anger,0.34,0.11,2025-09-20 20:23:42,success
135,neutral,disgust,0.28,0.07,2025-09-20 20:23:42,fail
135,neutral,neutral,0.33,1.0,2025-09-20 20:23:42,success
135,neutral,sleepiness,0.32,0.07,2025-09-20 20:23:43,fail
136,neutral,amused,0.31,0.07,2025-09-20 20:23:43,fail
136,neutral,anger,0.34,0.11,2025-09-20 20:23:43,success
136,neutral,disgust,0.28,0.07,2025-09-20 20:23:44,fail
136,neutral,neutral,0.33,1.0,2025-09-20 20:23:44,success
136,neutral,sleepiness,0.32,0.07,2025-09-20 20:23:44,fail
137,neutral,amused,0.31,0.07,2025-09-20 20:23:44,fail
137,neutral,anger,0.34,0.11,2025-09-20 20:23:45,success
137,neutral,disgust,0.28,0.07,2025-09-20 20:23:45,fail
137,neutral,neutral,0.33,1.0,2025-09-20 20:23:45,success
137,neutral,sleepiness,0.32,0.07,2025-09-20 20:23:45,fail
138,neutral,amused,0.31,0.07,2025-09-20 20:23:46,fail
138,neutral,anger,0.34,0.11,2025-09-20 20:23:46,success
138,neutral,disgust,0.28,0.07,2025-09-20 20:23:46,fail
138,neutral,neutral,0.33,1.0,2025-09-20 20:23:46,success
138,neutral,sleepiness,0.32,0.07,2025-09-20 20:23:47,fail
139,neutral,amused,0.31,0.07,2025-09-20 20:23:47,fail
139,neutral,anger,0.34,0.11,2025-09-20 20:23:47,success
139,neutral,disgust,0.28,0.07,2025-09-20 20:23:48,fail
139,neutral,neutral,0.33,1.0,2025-09-20 20:23:48,success
139,neutral,sleepiness,0.32,0.07,2025-09-20 20:23:48,fail
140,neutral,amused,0.31,0.07,2025-09-20 20:23:48,fail
140,neutral,anger,0.34,0.11,2025-09-20 20:23:49,success
140,neutral,disgust,0.28,0.07,2025-09-20 20:23:49,fail
140,neutral,neutral,0.33,1.0,2025-09-20 20:23:49,success
140,neutral,sleepiness,0.32,0.07,2025-09-20 20:23:49,fail
141,neutral,amused,0.31,0.07,2025-09-20 20:23:50,fail
141,neutral,anger,0.34,0.11,2025-09-20 20:23:50,success
141,neutral,disgust,0.28,0.07,2025-09-20 20:23:50,fail
141,neutral,neutral,0.33,1.0,2025-09-20 20:23:50,success
141,neutral,sleepiness,0.32,0.07,2025-09-20 20:23:51,fail
142,neutral,amused,0.31,0.07,2025-09-20 20:23:51,fail
142,neutral,anger,0.34,0.11,2025-09-20 20:23:52,success
142,neutral,disgust,0.28,0.07,2025-09-20 20:23:52,fail
142,neutral,neutral,0.33,1.0,2025-09-20 20:23:52,success
142,neutral,sleepiness,0.32,0.07,2025-09-20 20:23:52,fail
143,neutral,amused,0.31,0.07,2025-09-20 20:23:53,fail
143,neutral,anger,0.34,0.11,2025-09-20 20:23:53,success
143,neutral,disgust,0.28,0.07,2025-09-20 20:23:53,fail
143,neutral,neutral,0.33,1.0,2025-09-20 20:23:53,success
143,neutral,sleepiness,0.32,0.07,2025-09-20 20:23:54,fail
144,neutral,amused,0.31,0.07,2025-09-20 20:23:54,fail
144,neutral,anger,0.34,0.11,2025-09-20 20:23:54,success
144,neutral,disgust,0.28,0.07,2025-09-20 20:23:55,fail
144,neutral,neutral,0.33,1.0,2025-09-20 20:23:55,success
144,neutral,sleepiness,0.32,0.07,2025-09-20 20:23:55,fail
145,neutral,amused,0.31,0.07,2025-09-20 20:23:55,fail
145,neutral,anger,0.34,0.11,2025-09-20 20:23:56,success
145,neutral,disgust,0.28,0.07,2025-09-20 20:23:56,fail
145,neutral,neutral,0.33,1.0,2025-09-20 20:23:56,success
145,neutral,sleepiness,0.32,0.07,2025-09-20 20:23:56,fail
146,neutral,amused,0.31,0.07,2025-09-20 20:23:57,fail
146,neutral,anger,0.34,0.11,2025-09-20 20:23:57,success
146,neutral,disgust,0.28,0.07,2025-09-20 20:23:57,fail
146,neutral,neutral,0.33,1.0,2025-09-20 20:23:57,success
146,neutral,sleepiness,0.32,0.07,2025-09-20 20:23:58,fail
147,neutral,amused,0.31,0.07,2025-09-20 20:23:58,fail
147,neutral,anger,0.34,0.11,2025-09-20 20:23:58,success
147,neutral,disgust,0.28,0.07,2025-09-20 20:23:58,fail
147,neutral,neutral,0.33,1.0,2025-09-20 20:23:59,success
147,neutral,sleepiness,0.32,0.07,2025-09-20 20:23:59,fail
148,neutral,amused,0.31,0.07,2025-09-20 20:23:59,fail
148,neutral,anger,0.34,0.11,2025-09-20 20:24:00,success
148,neutral,disgust,0.28,0.07,2025-09-20 20:24:00,fail
148,neutral,neutral,0.33,1.0,2025-09-20 20:24:00,success
148,neutral,sleepiness,0.32,0.07,2025-09-20 20:24:01,fail
149,neutral,amused,0.31,0.07,2025-09-20 20:24:01,fail
149,neutral,anger,0.34,0.11,2025-09-20 20:24:01,success
149,neutral,disgust,0.28,0.07,2025-09-20 20:24:02,fail
149,neutral,neutral,0.33,1.0,2025-09-20 20:24:02,success
149,neutral,sleepiness,0.32,0.07,2025-09-20 20:24:02,fail
150,neutral,amused,0.31,0.07,2025-09-20 20:24:02,fail
150,neutral,anger,0.34,0.11,2025-09-20 20:24:03,success
150,neutral,disgust,0.28,0.07,2025-09-20 20:24:03,fail
150,neutral,neutral,0.33,1.0,2025-09-20 20:24:03,success
150,neutral,sleepiness,0.32,0.07,2025-09-20 20:24:03,fail
151,neutral,amused,0.31,0.07,2025-09-20 20:24:04,fail
151,neutral,anger,0.34,0.11,2025-09-20 20:24:04,success
151,neutral,disgust,0.28,0.07,2025-09-20 20:24:04,fail
151,neutral,neutral,0.33,1.0,2025-09-20 20:24:05,success
151,neutral,sleepiness,0.32,0.07,2025-09-20 20:24:05,fail
152,neutral,amused,0.31,0.07,2025-09-20 20:24:05,fail
152,neutral,anger,0.34,0.11,2025-09-20 20:24:05,success
152,neutral,disgust,0.28,0.07,2025-09-20 20:24:06,fail
152,neutral,neutral,0.33,1.0,2025-09-20 20:24:06,success
152,neutral,sleepiness,0.32,0.07,2025-09-20 20:24:06,fail
153,neutral,amused,0.31,0.07,2025-09-20 20:24:06,fail
153,neutral,anger,0.34,0.11,2025-09-20 20:24:07,success
153,neutral,disgust,0.28,0.07,2025-09-20 20:24:07,fail
153,neutral,neutral,0.33,1.0,2025-09-20 20:24:07,success
153,neutral,sleepiness,0.32,0.07,2025-09-20 20:24:07,fail
154,neutral,amused,0.31,0.07,2025-09-20 20:24:08,fail
154,neutral,anger,0.34,0.11,2025-09-20 20:24:08,success
154,neutral,disgust,0.28,0.07,2025-09-20 20:24:08,fail
154,neutral,neutral,0.33,1.0,2025-09-20 20:24:08,success
154,neutral,sleepiness,0.32,0.07,2025-09-20 20:24:09,fail
155,neutral,amused,0.31,0.07,2025-09-20 20:24:09,fail
155,neutral,anger,0.34,0.11,2025-09-20 20:24:09,success
155,neutral,disgust,0.28,0.07,2025-09-20 20:24:09,fail
155,neutral,neutral,0.33,1.0,2025-09-20 20:24:10,success
155,neutral,sleepiness,0.32,0.07,2025-09-20 20:24:10,fail
156,neutral,amused,0.31,0.07,2025-09-20 20:24:11,fail
156,neutral,anger,0.34,0.11,2025-09-20 20:24:11,success
156,neutral,disgust,0.28,0.07,2025-09-20 20:24:11,fail
156,neutral,neutral,0.33,1.0,2025-09-20 20:24:11,success
156,neutral,sleepiness,0.32,0.07,2025-09-20 20:24:12,fail
157,neutral,amused,0.31,0.07,2025-09-20 20:24:12,fail
157,neutral,anger,0.34,0.11,2025-09-20 20:24:12,success
157,neutral,disgust,0.28,0.07,2025-09-20 20:24:12,fail
157,neutral,neutral,0.33,1.0,2025-09-20 20:24:13,success
157,neutral,sleepiness,0.32,0.07,2025-09-20 20:24:13,fail
158,neutral,amused,0.31,0.07,2025-09-20 20:24:13,fail
158,neutral,anger,0.34,0.11,2025-09-20 20:24:14,success
158,neutral,disgust,0.28,0.07,2025-09-20 20:24:14,fail
158,neutral,neutral,0.33,1.0,2025-09-20 20:24:14,success
158,neutral,sleepiness,0.32,0.07,2025-09-20 20:24:14,fail
159,neutral,amused,0.31,0.07,2025-09-20 20:24:15,fail
159,neutral,anger,0.34,0.11,2025-09-20 20:24:15,success
159,neutral,disgust,0.28,0.07,2025-09-20 20:24:15,fail
159,neutral,neutral,0.33,1.0,2025-09-20 20:24:15,success
159,neutral,sleepiness,0.32,0.07,2025-09-20 20:24:16,fail
160,neutral,amused,0.31,0.07,2025-09-20 20:24:16,fail
160,neutral,anger,0.34,0.11,2025-09-20 20:24:16,success
160,neutral,disgust,0.28,0.07,2025-09-20 20:24:16,fail
160,neutral,neutral,0.33,1.0,2025-09-20 20:24:17,success
160,neutral,sleepiness,0.32,0.07,2025-09-20 20:24:17,fail
161,neutral,amused,0.31,0.07,2025-09-20 20:24:17,fail
161,neutral,anger,0.34,0.11,2025-09-20 20:24:18,success
161,neutral,disgust,0.28,0.07,2025-09-20 20:24:18,fail
161,neutral,neutral,0.33,1.0,2025-09-20 20:24:18,success
161,neutral,sleepiness,0.32,0.07,2025-09-20 20:24:19,fail
162,neutral,amused,0.31,0.07,2025-09-20 20:24:19,fail
162,neutral,anger,0.34,0.11,2025-09-20 20:24:19,success
162,neutral,disgust,0.28,0.07,2025-09-20 20:24:19,fail
162,neutral,neutral,0.33,1.0,2025-09-20 20:24:20,success
162,neutral,sleepiness,0.32,0.07,2025-09-20 20:24:20,fail
163,neutral,amused,0.31,0.07,2025-09-20 20:24:20,fail
163,neutral,anger,0.34,0.11,2025-09-20 20:24:21,success
163,neutral,disgust,0.28,0.07,2025-09-20 20:24:21,fail
163,neutral,neutral,0.33,1.0,2025-09-20 20:24:21,success
163,neutral,sleepiness,0.32,0.07,2025-09-20 20:24:21,fail
164,neutral,amused,0.31,0.07,2025-09-20 20:24:22,fail
164,neutral,anger,0.34,0.11,2025-09-20 20:24:22,success
164,neutral,disgust,0.28,0.07,2025-09-20 20:24:22,fail
164,neutral,neutral,0.33,1.0,2025-09-20 20:24:22,success
164,neutral,sleepiness,0.32,0.07,2025-09-20 20:24:23,fail
165,neutral,amused,0.31,0.07,2025-09-20 20:24:23,fail
165,neutral,anger,0.34,0.11,2025-09-20 20:24:23,success
165,neutral,disgust,0.28,0.07,2025-09-20 20:24:23,fail
165,neutral,neutral,0.33,1.0,2025-09-20 20:24:24,success
165,neutral,sleepiness,0.32,0.07,2025-09-20 20:24:24,fail
166,neutral,amused,0.31,0.07,2025-09-20 20:24:25,fail
166,neutral,anger,0.34,0.11,2025-09-20 20:24:25,success
166,neutral,disgust,0.28,0.07,2025-09-20 20:24:25,fail
166,neutral,neutral,0.33,1.0,2025-09-20 20:24:26,success
166,neutral,sleepiness,0.32,0.07,2025-09-20 20:24:26,fail
167,neutral,amused,0.31,0.07,2025-09-20 20:24:26,fail
167,neutral,anger,0.34,0.11,2025-09-20 20:24:26,success
167,neutral,disgust,0.28,0.07,2025-09-20 20:24:27,fail
167,neutral,neutral,0.33,1.0,2025-09-20 20:24:27,success
167,neutral,sleepiness,0.32,0.07,2025-09-20 20:24:27,fail
168,neutral,amused,0.31,0.07,2025-09-20 20:24:27,fail
168,neutral,anger,0.34,0.11,2025-09-20 20:24:28,success
168,neutral,disgust,0.28,0.07,2025-09-20 20:24:28,fail
168,neutral,neutral,0.33,1.0,2025-09-20 20:24:28,success
168,neutral,sleepiness,0.32,0.07,2025-09-20 20:24:29,fail
169,neutral,amused,0.31,0.07,2025-09-20 20:24:29,fail
169,neutral,anger,0.34,0.11,2025-09-20 20:24:29,success
169,neutral,disgust,0.28,0.07,2025-09-20 20:24:29,fail
169,neutral,neutral,0.33,1.0,2025-09-20 20:24:30,success
169,neutral,sleepiness,0.32,0.07,2025-09-20 20:24:30,fail
170,neutral,amused,0.31,0.07,2025-09-20 20:24:30,fail
170,neutral,anger,0.34,0.11,2025-09-20 20:24:30,success
170,neutral,disgust,0.28,0.07,2025-09-20 20:24:31,fail
170,neutral,neutral,0.33,1.0,2025-09-20 20:24:31,success
170,neutral,sleepiness,0.32,0.07,2025-09-20 20:24:31,fail
171,neutral,amused,0.31,0.07,2025-09-20 20:24:31,fail
171,neutral,anger,0.34,0.11,2025-09-20 20:24:32,success
171,neutral,disgust,0.28,0.07,2025-09-20 20:24:32,fail
171,neutral,neutral,0.33,1.0,2025-09-20 20:24:32,success
171,neutral,sleepiness,0.32,0.07,2025-09-20 20:24:33,fail
172,neutral,amused,0.31,0.07,2025-09-20 20:24:33,fail
172,neutral,anger,0.34,0.11,2025-09-20 20:24:33,success
172,neutral,disgust,0.28,0.07,2025-09-20 20:24:33,fail
172,neutral,neutral,0.33,1.0,2025-09-20 20:24:34,success
172,neutral,sleepiness,0.32,0.07,2025-09-20 20:24:34,fail
173,neutral,amused,0.31,0.07,2025-09-20 20:24:34,fail
173,neutral,anger,0.34,0.11,2025-09-20 20:24:35,success
173,neutral,disgust,0.28,0.07,2025-09-20 20:24:35,fail
173,neutral,neutral,0.33,1.0,2025-09-20 20:24:35,success
173,neutral,sleepiness,0.32,0.07,2025-09-20 20:24:35,fail
174,neutral,amused,0.31,0.07,2025-09-20 20:24:36,fail
174,neutral,anger,0.34,0.11,2025-09-20 20:24:36,success
174,neutral,disgust,0.28,0.07,2025-09-20 20:24:36,fail
174,neutral,neutral,0.33,1.0,2025-09-20 20:24:36,success
174,neutral,sleepiness,0.32,0.07,2025-09-20 20:24:37,fail
175,neutral,amused,0.31,0.07,2025-09-20 20:24:37,fail
175,neutral,anger,0.34,0.11,2025-09-20 20:24:38,success
175,neutral,disgust,0.28,0.07,2025-09-20 20:24:38,fail
175,neutral,neutral,0.33,1.0,2025-09-20 20:24:38,success
175,neutral,sleepiness,0.32,0.07,2025-09-20 20:24:39,fail
176,neutral,amused,0.31,0.07,2025-09-20 20:24:39,fail
176,neutral,anger,0.34,0.11,2025-09-20 20:24:39,success
176,neutral,disgust,0.28,0.07,2025-09-20 20:24:39,fail
176,neutral,neutral,0.33,1.0,2025-09-20 20:24:40,success
176,neutral,sleepiness,0.32,0.07,2025-09-20 20:24:40,fail
177,neutral,amused,0.31,0.07,2025-09-20 20:24:40,fail
177,neutral,anger,0.34,0.11,2025-09-20 20:24:40,success
177,neutral,disgust,0.28,0.07,2025-09-20 20:24:41,fail
177,neutral,neutral,0.33,1.0,2025-09-20 20:24:41,success
177,neutral,sleepiness,0.32,0.07,2025-09-20 20:24:41,fail
178,neutral,amused,0.31,0.07,2025-09-20 20:24:41,fail
178,neutral,anger,0.34,0.11,2025-09-20 20:24:42,success
178,neutral,disgust,0.28,0.07,2025-09-20 20:24:42,fail
178,neutral,neutral,0.33,1.0,2025-09-20 20:24:42,success
178,neutral,sleepiness,0.32,0.07,2025-09-20 20:24:42,fail
179,neutral,amused,0.31,0.07,2025-09-20 20:24:43,fail
179,neutral,anger,0.34,0.11,2025-09-20 20:24:43,success
179,neutral,disgust,0.28,0.07,2025-09-20 20:24:43,fail
179,neutral,neutral,0.33,1.0,2025-09-20 20:24:43,success
179,neutral,sleepiness,0.32,0.07,2025-09-20 20:24:44,fail
180,neutral,amused,0.31,0.07,2025-09-20 20:24:44,fail
180,neutral,anger,0.34,0.11,2025-09-20 20:24:44,success
180,neutral,disgust,0.28,0.07,2025-09-20 20:24:44,fail
180,neutral,neutral,0.33,1.0,2025-09-20 20:24:45,success
180,neutral,sleepiness,0.32,0.07,2025-09-20 20:24:45,fail
181,neutral,amused,0.31,0.07,2025-09-20 20:24:45,fail
181,neutral,anger,0.34,0.11,2025-09-20 20:24:46,success
181,neutral,disgust,0.28,0.07,2025-09-20 20:24:46,fail
181,neutral,neutral,0.33,1.0,2025-09-20 20:24:46,success
181,neutral,sleepiness,0.32,0.07,2025-09-20 20:24:47,fail
182,neutral,amused,0.31,0.07,2025-09-20 20:24:47,fail
182,neutral,anger,0.34,0.11,2025-09-20 20:24:47,success
182,neutral,disgust,0.28,0.07,2025-09-20 20:24:47,fail
182,neutral,neutral,0.33,1.0,2025-09-20 20:24:48,success
182,neutral,sleepiness,0.32,0.07,2025-09-20 20:24:48,fail
183,neutral,amused,0.31,0.07,2025-09-20 20:24:48,fail
183,neutral,anger,0.34,0.11,2025-09-20 20:24:48,success
183,neutral,disgust,0.28,0.07,2025-09-20 20:24:49,fail
183,neutral,neutral,0.33,1.0,2025-09-20 20:24:49,success
183,neutral,sleepiness,0.32,0.07,2025-09-20 20:24:49,fail
184,neutral,amused,0.31,0.07,2025-09-20 20:24:50,fail
184,neutral,anger,0.34,0.11,2025-09-20 20:24:50,success
184,neutral,disgust,0.28,0.07,2025-09-20 20:24:50,fail
184,neutral,neutral,0.33,1.0,2025-09-20 20:24:50,success
184,neutral,sleepiness,0.32,0.07,2025-09-20 20:24:51,fail
185,neutral,amused,0.31,0.07,2025-09-20 20:24:51,fail
185,neutral,anger,0.34,0.11,2025-09-20 20:24:51,success
185,neutral,disgust,0.28,0.07,2025-09-20 20:24:51,fail
185,neutral,neutral,0.33,1.0,2025-09-20 20:24:52,success
185,neutral,sleepiness,0.32,0.07,2025-09-20 20:24:52,fail
186,neutral,amused,0.31,0.07,2025-09-20 20:24:52,fail
186,neutral,anger,0.34,0.11,2025-09-20 20:24:52,success
186,neutral,disgust,0.28,0.07,2025-09-20 20:24:53,fail
186,neutral,neutral,0.33,1.0,2025-09-20 20:24:53,success
186,neutral,sleepiness,0.32,0.07,2025-09-20 20:24:53,fail
187,neutral,amused,0.31,0.07,2025-09-20 20:24:54,fail
187,neutral,anger,0.34,0.11,2025-09-20 20:24:54,success
187,neutral,disgust,0.28,0.07,2025-09-20 20:24:54,fail
187,neutral,neutral,0.33,1.0,2025-09-20 20:24:54,success
187,neutral,sleepiness,0.32,0.07,2025-09-20 20:24:55,fail
188,neutral,amused,0.31,0.07,2025-09-20 20:24:55,fail
188,neutral,anger,0.34,0.11,2025-09-20 20:24:55,success
188,neutral,disgust,0.28,0.07,2025-09-20 20:24:55,fail
188,neutral,neutral,0.33,1.0,2025-09-20 20:24:56,success
188,neutral,sleepiness,0.32,0.07,2025-09-20 20:24:56,fail
189,neutral,amused,0.31,0.07,2025-09-20 20:24:56,fail
189,neutral,anger,0.34,0.11,2025-09-20 20:24:57,success
189,neutral,disgust,0.28,0.07,2025-09-20 20:24:57,fail
189,neutral,neutral,0.33,1.0,2025-09-20 20:24:57,success
189,neutral,sleepiness,0.32,0.07,2025-09-20 20:24:58,fail
190,neutral,amused,0.31,0.07,2025-09-20 20:24:58,fail
190,neutral,anger,0.34,0.11,2025-09-20 20:24:58,success
190,neutral,disgust,0.28,0.07,2025-09-20 20:24:58,fail
190,neutral,neutral,0.33,1.0,2025-09-20 20:24:59,success
190,neutral,sleepiness,0.32,0.07,2025-09-20 20:24:59,fail
191,neutral,amused,0.31,0.07,2025-09-20 20:24:59,fail
191,neutral,anger,0.34,0.11,2025-09-20 20:24:59,success
191,neutral,disgust,0.28,0.07,2025-09-20 20:25:00,fail
191,neutral,neutral,0.33,1.0,2025-09-20 20:25:00,success
191,neutral,sleepiness,0.32,0.07,2025-09-20 20:25:00,fail
192,neutral,amused,0.31,0.07,2025-09-20 20:25:00,fail
192,neutral,anger,0.34,0.11,2025-09-20 20:25:01,success
192,neutral,disgust,0.28,0.07,2025-09-20 20:25:01,fail
192,neutral,neutral,0.33,1.0,2025-09-20 20:25:01,success
192,neutral,sleepiness,0.32,0.07,2025-09-20 20:25:02,fail
193,neutral,amused,0.31,0.07,2025-09-20 20:25:02,fail
193,neutral,anger,0.34,0.11,2025-09-20 20:25:02,success
193,neutral,disgust,0.28,0.07,2025-09-20 20:25:02,fail
193,neutral,neutral,0.33,1.0,2025-09-20 20:25:03,success
193,neutral,sleepiness,0.32,0.07,2025-09-20 20:25:03,fail
194,neutral,amused,0.31,0.07,2025-09-20 20:25:03,fail
194,neutral,anger,0.34,0.11,2025-09-20 20:25:04,success
194,neutral,disgust,0.28,0.07,2025-09-20 20:25:04,fail
194,neutral,neutral,0.33,1.0,2025-09-20 20:25:04,success
194,neutral,sleepiness,0.32,0.07,2025-09-20 20:25:04,fail
195,neutral,amused,0.31,0.07,2025-09-20 20:25:05,fail
195,neutral,anger,0.34,0.11,2025-09-20 20:25:05,success
195,neutral,disgust,0.28,0.07,2025-09-20 20:25:05,fail
195,neutral,neutral,0.33,1.0,2025-09-20 20:25:05,success
195,neutral,sleepiness,0.32,0.07,2025-09-20 20:25:06,fail
196,neutral,amused,0.31,0.07,2025-09-20 20:25:06,fail
196,neutral,anger,0.34,0.11,2025-09-20 20:25:06,success
196,neutral,disgust,0.28,0.07,2025-09-20 20:25:07,fail
196,neutral,neutral,0.33,1.0,2025-09-20 20:25:07,success
196,neutral,sleepiness,0.32,0.07,2025-09-20 20:25:07,fail
197,neutral,amused,0.31,0.07,2025-09-20 20:25:07,fail
197,neutral,anger,0.34,0.11,2025-09-20 20:25:08,success
197,neutral,disgust,0.28,0.07,2025-09-20 20:25:08,fail
197,neutral,neutral,0.33,1.0,2025-09-20 20:25:08,success
197,neutral,sleepiness,0.32,0.07,2025-09-20 20:25:09,fail
198,neutral,amused,0.31,0.07,2025-09-20 20:25:09,fail
198,neutral,anger,0.34,0.11,2025-09-20 20:25:09,success
198,neutral,disgust,0.28,0.07,2025-09-20 20:25:09,fail
198,neutral,neutral,0.33,1.0,2025-09-20 20:25:10,success
198,neutral,sleepiness,0.32,0.07,2025-09-20 20:25:10,fail
199,neutral,amused,0.31,0.07,2025-09-20 20:25:10,fail
199,neutral,anger,0.34,0.11,2025-09-20 20:25:11,success
199,neutral,disgust,0.28,0.07,2025-09-20 20:25:11,fail
199,neutral,neutral,0.33,1.0,2025-09-20 20:25:11,success
199,neutral,sleepiness,0.32,0.07,2025-09-20 20:25:11,fail
200,neutral,amused,0.31,0.07,2025-09-20 20:25:12,fail
200,neutral,anger,0.34,0.11,2025-09-20 20:25:12,success
200,neutral,disgust,0.28,0.07,2025-09-20 20:25:12,fail
200,neutral,neutral,0.33,1.0,2025-09-20 20:25:12,success
200,neutral,sleepiness,0.32,0.07,2025-09-20 20:25:13,fail
201,neutral,amused,0.31,0.07,2025-09-20 20:25:13,fail
201,neutral,anger,0.34,0.11,2025-09-20 20:25:13,success
201,neutral,disgust,0.28,0.07,2025-09-20 20:25:14,fail
201,neutral,neutral,0.33,1.0,2025-09-20 20:25:14,success
201,neutral,sleepiness,0.32,0.07,2025-09-20 20:25:14,fail
202,neutral,amused,0.31,0.07,2025-09-20 20:25:14,fail
202,neutral,anger,0.34,0.11,2025-09-20 20:25:15,success
202,neutral,disgust,0.28,0.07,2025-09-20 20:25:15,fail
202,neutral,neutral,0.33,1.0,2025-09-20 20:25:15,success
202,neutral,sleepiness,0.32,0.07,2025-09-20 20:25:15,fail
203,neutral,amused,0.31,0.07,2025-09-20 20:25:16,fail
203,neutral,anger,0.34,0.11,2025-09-20 20:25:16,success
203,neutral,disgust,0.28,0.07,2025-09-20 20:25:16,fail
203,neutral,neutral,0.33,1.0,2025-09-20 20:25:17,success
203,neutral,sleepiness,0.32,0.07,2025-09-20 20:25:17,fail
204,neutral,amused,0.31,0.07,2025-09-20 20:25:17,fail
204,neutral,anger,0.34,0.11,2025-09-20 20:25:17,success
204,neutral,disgust,0.28,0.07,2025-09-20 20:25:18,fail
204,neutral,neutral,0.33,1.0,2025-09-20 20:25:18,success
204,neutral,sleepiness,0.32,0.07,2025-09-20 20:25:18,fail
205,neutral,amused,0.31,0.07,2025-09-20 20:25:18,fail
205,neutral,anger,0.34,0.11,2025-09-20 20:25:19,success
205,neutral,disgust,0.28,0.07,2025-09-20 20:25:19,fail
205,neutral,neutral,0.33,1.0,2025-09-20 20:25:19,success
205,neutral,sleepiness,0.32,0.07,2025-09-20 20:25:20,fail
206,neutral,amused,0.31,0.07,2025-09-20 20:25:20,fail
206,neutral,anger,0.34,0.11,2025-09-20 20:25:20,success
206,neutral,disgust,0.28,0.07,2025-09-20 20:25:20,fail
206,neutral,neutral,0.33,1.0,2025-09-20 20:25:21,success
206,neutral,sleepiness,0.32,0.07,2025-09-20 20:25:21,fail
207,neutral,amused,0.31,0.07,2025-09-20 20:25:21,fail
207,neutral,anger,0.34,0.11,2025-09-20 20:25:21,success
207,neutral,disgust,0.28,0.07,2025-09-20 20:25:22,fail
207,neutral,neutral,0.33,1.0,2025-09-20 20:25:22,success
207,neutral,sleepiness,0.32,0.07,2025-09-20 20:25:22,fail
208,neutral,amused,0.31,0.07,2025-09-20 20:25:23,fail
208,neutral,anger,0.34,0.11,2025-09-20 20:25:23,success
208,neutral,disgust,0.28,0.07,2025-09-20 20:25:23,fail
208,neutral,neutral,0.33,1.0,2025-09-20 20:25:23,success
208,neutral,sleepiness,0.32,0.07,2025-09-20 20:25:24,fail
209,neutral,amused,0.31,0.07,2025-09-20 20:25:24,fail
209,neutral,anger,0.34,0.11,2025-09-20 20:25:24,success
209,neutral,disgust,0.28,0.07,2025-09-20 20:25:24,fail
209,neutral,neutral,0.33,1.0,2025-09-20 20:25:25,success
209,neutral,sleepiness,0.32,0.07,2025-09-20 20:25:25,fail
210,neutral,amused,0.31,0.07,2025-09-20 20:25:25,fail
210,neutral,anger,0.34,0.11,2025-09-20 20:25:25,success
210,neutral,disgust,0.28,0.07,2025-09-20 20:25:26,fail
210,neutral,neutral,0.33,1.0,2025-09-20 20:25:26,success
210,neutral,sleepiness,0.32,0.07,2025-09-20 20:25:26,fail
211,neutral,amused,0.31,0.07,2025-09-20 20:25:26,fail
211,neutral,anger,0.34,0.11,2025-09-20 20:25:27,success
211,neutral,disgust,0.28,0.07,2025-09-20 20:25:27,fail
211,neutral,neutral,0.33,1.0,2025-09-20 20:25:27,success
211,neutral,sleepiness,0.32,0.07,2025-09-20 20:25:28,fail
212,neutral,amused,0.31,0.07,2025-09-20 20:25:28,fail
212,neutral,anger,0.34,0.11,2025-09-20 20:25:28,success
212,neutral,disgust,0.28,0.07,2025-09-20 20:25:29,fail
212,neutral,neutral,0.33,1.0,2025-09-20 20:25:31,success
212,neutral,sleepiness,0.32,0.07,2025-09-20 20:25:31,fail
213,neutral,amused,0.31,0.07,2025-09-20 20:25:32,fail
213,neutral,anger,0.34,0.11,2025-09-20 20:25:32,success
213,neutral,disgust,0.28,0.07,2025-09-20 20:25:32,fail
213,neutral,neutral,0.33,1.0,2025-09-20 20:25:32,success
213,neutral,sleepiness,0.32,0.07,2025-09-20 20:25:33,fail
214,neutral,amused,0.31,0.07,2025-09-20 20:25:33,fail
214,neutral,anger,0.34,0.11,2025-09-20 20:25:33,success
214,neutral,disgust,0.28,0.07,2025-09-20 20:25:33,fail
214,neutral,neutral,0.33,1.0,2025-09-20 20:25:34,success
214,neutral,sleepiness,0.32,0.07,2025-09-20 20:25:34,fail
215,neutral,amused,0.31,0.07,2025-09-20 20:25:34,fail
215,neutral,anger,0.34,0.11,2025-09-20 20:25:35,success
215,neutral,disgust,0.28,0.07,2025-09-20 20:25:35,fail
215,neutral,neutral,0.33,1.0,2025-09-20 20:25:35,success
215,neutral,sleepiness,0.32,0.07,2025-09-20 20:25:35,fail
216,neutral,amused,0.31,0.07,2025-09-20 20:25:36,fail
216,neutral,anger,0.34,0.11,2025-09-20 20:25:36,success
216,neutral,disgust,0.28,0.07,2025-09-20 20:25:36,fail
216,neutral,neutral,0.33,1.0,2025-09-20 20:25:36,success
216,neutral,sleepiness,0.32,0.07,2025-09-20 20:25:37,fail
217,neutral,amused,0.31,0.07,2025-09-20 20:25:37,fail
217,neutral,anger,0.34,0.11,2025-09-20 20:25:37,success
217,neutral,disgust,0.28,0.07,2025-09-20 20:25:37,fail
217,neutral,neutral,0.33,1.0,2025-09-20 20:25:38,success
217,neutral,sleepiness,0.32,0.07,2025-09-20 20:25:38,fail
218,neutral,amused,0.31,0.07,2025-09-20 20:25:38,fail
218,neutral,anger,0.34,0.11,2025-09-20 20:25:39,success
218,neutral,disgust,0.28,0.07,2025-09-20 20:25:39,fail
218,neutral,neutral,0.33,1.0,2025-09-20 20:25:39,success
218,neutral,sleepiness,0.32,0.07,2025-09-20 20:25:39,fail
219,neutral,amused,0.31,0.07,2025-09-20 20:25:40,fail
219,neutral,anger,0.34,0.11,2025-09-20 20:25:40,success
219,neutral,disgust,0.28,0.07,2025-09-20 20:25:40,fail
219,neutral,neutral,0.33,1.0,2025-09-20 20:25:41,success
219,neutral,sleepiness,0.32,0.07,2025-09-20 20:25:41,fail
220,neutral,amused,0.31,0.07,2025-09-20 20:25:41,fail
220,neutral,anger,0.34,0.11,2025-09-20 20:25:41,success
220,neutral,disgust,0.28,0.07,2025-09-20 20:25:42,fail
220,neutral,neutral,0.33,1.0,2025-09-20 20:25:42,success
220,neutral,sleepiness,0.32,0.07,2025-09-20 20:25:42,fail
221,neutral,amused,0.31,0.07,2025-09-20 20:25:42,fail
221,neutral,anger,0.34,0.11,2025-09-20 20:25:43,success
221,neutral,disgust,0.28,0.07,2025-09-20 20:25:43,fail
221,neutral,neutral,0.33,1.0,2025-09-20 20:25:43,success
221,neutral,sleepiness,0.32,0.07,2025-09-20 20:25:44,fail
222,neutral,amused,0.31,0.07,2025-09-20 20:25:44,fail
222,neutral,anger,0.34,0.11,2025-09-20 20:25:44,success
222,neutral,disgust,0.28,0.07,2025-09-20 20:25:44,fail
222,neutral,neutral,0.33,1.0,2025-09-20 20:25:45,success
222,neutral,sleepiness,0.32,0.07,2025-09-20 20:25:45,fail
223,neutral,amused,0.31,0.07,2025-09-20 20:25:45,fail
223,neutral,anger,0.34,0.11,2025-09-20 20:25:45,success
223,neutral,disgust,0.28,0.07,2025-09-20 20:25:46,fail
223,neutral,neutral,0.33,1.0,2025-09-20 20:25:46,success
223,neutral,sleepiness,0.32,0.07,2025-09-20 20:25:47,fail
224,neutral,amused,0.31,0.07,2025-09-20 20:25:47,fail
224,neutral,anger,0.34,0.11,2025-09-20 20:25:47,success
224,neutral,disgust,0.28,0.07,2025-09-20 20:25:48,fail
224,neutral,neutral,0.33,1.0,2025-09-20 20:25:48,success
224,neutral,sleepiness,0.32,0.07,2025-09-20 20:25:48,fail
225,neutral,amused,0.31,0.07,2025-09-20 20:25:48,fail
225,neutral,anger,0.34,0.11,2025-09-20 20:25:49,success
225,neutral,disgust,0.28,0.07,2025-09-20 20:25:49,fail
225,neutral,neutral,0.33,1.0,2025-09-20 20:25:49,success
225,neutral,sleepiness,0.32,0.07,2025-09-20 20:25:49,fail
226,neutral,amused,0.31,0.07,2025-09-20 20:25:50,fail
226,neutral,anger,0.34,0.11,2025-09-20 20:25:50,success
226,neutral,disgust,0.28,0.07,2025-09-20 20:25:50,fail
226,neutral,neutral,0.33,1.0,2025-09-20 20:25:50,success
226,neutral,sleepiness,0.32,0.07,2025-09-20 20:25:51,fail
227,neutral,amused,0.31,0.07,2025-09-20 20:25:51,fail
227,neutral,anger,0.34,0.11,2025-09-20 20:25:51,success
227,neutral,disgust,0.28,0.07,2025-09-20 20:25:51,fail
227,neutral,neutral,0.33,1.0,2025-09-20 20:25:52,success
227,neutral,sleepiness,0.32,0.07,2025-09-20 20:25:52,fail
228,neutral,amused,0.31,0.07,2025-09-20 20:25:52,fail
228,neutral,anger,0.34,0.11,2025-09-20 20:25:53,success
228,neutral,disgust,0.28,0.07,2025-09-20 20:25:53,fail
228,neutral,neutral,0.33,1.0,2025-09-20 20:25:53,success
228,neutral,sleepiness,0.32,0.07,2025-09-20 20:25:53,fail
229,neutral,amused,0.31,0.07,2025-09-20 20:25:54,fail
229,neutral,anger,0.34,0.11,2025-09-20 20:25:54,success
229,neutral,disgust,0.28,0.07,2025-09-20 20:25:54,fail
229,neutral,neutral,0.33,1.0,2025-09-20 20:25:55,success
229,neutral,sleepiness,0.32,0.07,2025-09-20 20:25:55,fail
230,neutral,amused,0.31,0.07,2025-09-20 20:25:55,fail
230,neutral,anger,0.34,0.11,2025-09-20 20:25:55,success
230,neutral,disgust,0.28,0.07,2025-09-20 20:25:56,fail
230,neutral,neutral,0.33,1.0,2025-09-20 20:25:56,success
230,neutral,sleepiness,0.32,0.07,2025-09-20 20:25:56,fail
231,neutral,amused,0.31,0.07,2025-09-20 20:25:56,fail
231,neutral,anger,0.34,0.11,2025-09-20 20:25:57,success
231,neutral,disgust,0.28,0.07,2025-09-20 20:25:57,fail
231,neutral,neutral,0.33,1.0,2025-09-20 20:25:57,success
231,neutral,sleepiness,0.32,0.07,2025-09-20 20:25:58,fail
232,neutral,amused,0.31,0.07,2025-09-20 20:25:58,fail
232,neutral,anger,0.34,0.11,2025-09-20 20:25:58,success
232,neutral,disgust,0.28,0.07,2025-09-20 20:25:58,fail
232,neutral,neutral,0.33,1.0,2025-09-20 20:25:59,success
232,neutral,sleepiness,0.32,0.07,2025-09-20 20:25:59,fail
233,neutral,amused,0.31,0.07,2025-09-20 20:25:59,fail
233,neutral,anger,0.34,0.11,2025-09-20 20:26:00,success
233,neutral,disgust,0.28,0.07,2025-09-20 20:26:00,fail
233,neutral,neutral,0.33,1.0,2025-09-20 20:26:00,success
233,neutral,sleepiness,0.32,0.07,2025-09-20 20:26:00,fail
234,neutral,amused,0.31,0.07,2025-09-20 20:26:01,fail
234,neutral,anger,0.34,0.11,2025-09-20 20:26:01,success
234,neutral,disgust,0.28,0.07,2025-09-20 20:26:01,fail
234,neutral,neutral,0.33,1.0,2025-09-20 20:26:01,success
234,neutral,sleepiness,0.32,0.07,2025-09-20 20:26:02,fail
235,neutral,amused,0.31,0.07,2025-09-20 20:26:02,fail
235,neutral,anger,0.34,0.11,2025-09-20 20:26:02,success
235,neutral,disgust,0.28,0.07,2025-09-20 20:26:03,fail
235,neutral,neutral,0.33,1.0,2025-09-20 20:26:03,success
235,neutral,sleepiness,0.32,0.07,2025-09-20 20:26:03,fail
236,neutral,amused,0.31,0.07,2025-09-20 20:26:04,fail
236,neutral,anger,0.34,0.11,2025-09-20 20:26:04,success
236,neutral,disgust,0.28,0.07,2025-09-20 20:26:04,fail
236,neutral,neutral,0.33,1.0,2025-09-20 20:26:04,success
236,neutral,sleepiness,0.32,0.07,2025-09-20 20:26:05,fail
237,neutral,amused,0.31,0.07,2025-09-20 20:26:05,fail
237,neutral,anger,0.34,0.11,2025-09-20 20:26:05,success
237,neutral,disgust,0.28,0.07,2025-09-20 20:26:06,fail
237,neutral,neutral,0.33,1.0,2025-09-20 20:26:06,success
237,neutral,sleepiness,0.32,0.07,2025-09-20 20:26:06,fail
238,neutral,amused,0.31,0.07,2025-09-20 20:26:06,fail
238,neutral,anger,0.34,0.11,2025-09-20 20:26:07,success
238,neutral,disgust,0.28,0.07,2025-09-20 20:26:07,fail
238,neutral,neutral,0.33,1.0,2025-09-20 20:26:07,success
238,neutral,sleepiness,0.32,0.07,2025-09-20 20:26:08,fail
239,neutral,amused,0.31,0.07,2025-09-20 20:26:08,fail
239,neutral,anger,0.34,0.11,2025-09-20 20:26:08,success
239,neutral,disgust,0.28,0.07,2025-09-20 20:26:08,fail
239,neutral,neutral,0.33,1.0,2025-09-20 20:26:09,success
239,neutral,sleepiness,0.32,0.07,2025-09-20 20:26:09,fail
240,neutral,amused,0.31,0.07,2025-09-20 20:26:09,fail
240,neutral,anger,0.34,0.11,2025-09-20 20:26:09,success
240,neutral,disgust,0.28,0.07,2025-09-20 20:26:10,fail
240,neutral,neutral,0.33,1.0,2025-09-20 20:26:10,success
240,neutral,sleepiness,0.32,0.07,2025-09-20 20:26:10,fail
241,neutral,amused,0.31,0.07,2025-09-20 20:26:11,fail
241,neutral,anger,0.34,0.11,2025-09-20 20:26:11,success
241,neutral,disgust,0.28,0.07,2025-09-20 20:26:11,fail
241,neutral,neutral,0.33,1.0,2025-09-20 20:26:11,success
241,neutral,sleepiness,0.32,0.07,2025-09-20 20:26:12,fail
242,neutral,amused,0.31,0.07,2025-09-20 20:26:12,fail
242,neutral,anger,0.34,0.11,2025-09-20 20:26:12,success
242,neutral,disgust,0.28,0.07,2025-09-20 20:26:12,fail
242,neutral,neutral,0.33,1.0,2025-09-20 20:26:13,success
242,neutral,sleepiness,0.32,0.07,2025-09-20 20:26:13,fail
243,neutral,amused,0.31,0.07,2025-09-20 20:26:13,fail
243,neutral,anger,0.34,0.11,2025-09-20 20:26:14,success
243,neutral,disgust,0.28,0.07,2025-09-20 20:26:14,fail
243,neutral,neutral,0.33,1.0,2025-09-20 20:26:14,success
243,neutral,sleepiness,0.32,0.07,2025-09-20 20:26:14,fail
244,neutral,amused,0.31,0.07,2025-09-20 20:26:15,fail
244,neutral,anger,0.34,0.11,2025-09-20 20:26:15,success
244,neutral,disgust,0.28,0.07,2025-09-20 20:26:15,fail
244,neutral,neutral,0.33,1.0,2025-09-20 20:26:15,success
244,neutral,sleepiness,0.32,0.07,2025-09-20 20:26:16,fail
245,neutral,amused,0.31,0.07,2025-09-20 20:26:16,fail
245,neutral,anger,0.34,0.11,2025-09-20 20:26:16,success
245,neutral,disgust,0.28,0.07,2025-09-20 20:26:17,fail
245,neutral,neutral,0.33,1.0,2025-09-20 20:26:17,success
245,neutral,sleepiness,0.32,0.07,2025-09-20 20:26:17,fail
246,neutral,amused,0.31,0.07,2025-09-20 20:26:17,fail
246,neutral,anger,0.34,0.11,2025-09-20 20:26:18,success
246,neutral,disgust,0.28,0.07,2025-09-20 20:26:18,fail
246,neutral,neutral,0.33,1.0,2025-09-20 20:26:18,success
246,neutral,sleepiness,0.32,0.07,2025-09-20 20:26:19,fail
247,neutral,amused,0.31,0.07,2025-09-20 20:26:19,fail
247,neutral,anger,0.34,0.11,2025-09-20 20:26:19,success
247,neutral,disgust,0.28,0.07,2025-09-20 20:26:19,fail
247,neutral,neutral,0.33,1.0,2025-09-20 20:26:20,success
247,neutral,sleepiness,0.32,0.07,2025-09-20 20:26:20,fail
248,neutral,amused,0.31,0.07,2025-09-20 20:26:20,fail
248,neutral,anger,0.34,0.11,2025-09-20 20:26:21,success
248,neutral,disgust,0.28,0.07,2025-09-20 20:26:21,fail
248,neutral,neutral,0.33,1.0,2025-09-20 20:26:21,success
248,neutral,sleepiness,0.32,0.07,2025-09-20 20:26:21,fail
249,neutral,amused,0.31,0.07,2025-09-20 20:26:22,fail
249,neutral,anger,0.34,0.11,2025-09-20 20:26:22,success
249,neutral,disgust,0.28,0.07,2025-09-20 20:26:22,fail
249,neutral,neutral,0.33,1.0,2025-09-20 20:26:22,success
249,neutral,sleepiness,0.32,0.07,2025-09-20 20:26:23,fail
250,neutral,amused,0.31,0.07,2025-09-20 20:26:23,fail
250,neutral,anger,0.34,0.11,2025-09-20 20:26:23,success
250,neutral,disgust,0.28,0.07,2025-09-20 20:26:24,fail
250,neutral,neutral,0.33,1.0,2025-09-20 20:26:24,success
250,neutral,sleepiness,0.32,0.07,2025-09-20 20:26:24,fail
251,neutral,amused,0.31,0.07,2025-09-20 20:26:24,fail
251,neutral,anger,0.34,0.11,2025-09-20 20:26:25,success
251,neutral,disgust,0.28,0.07,2025-09-20 20:26:25,fail
251,neutral,neutral,0.33,1.0,2025-09-20 20:26:25,success
251,neutral,sleepiness,0.32,0.07,2025-09-20 20:26:25,fail
252,neutral,amused,0.31,0.07,2025-09-20 20:26:26,fail
252,neutral,anger,0.34,0.11,2025-09-20 20:26:26,success
252,neutral,disgust,0.28,0.07,2025-09-20 20:26:26,fail
252,neutral,neutral,0.33,1.0,2025-09-20 20:26:26,success
252,neutral,sleepiness,0.32,0.07,2025-09-20 20:26:27,fail
253,neutral,amused,0.31,0.07,2025-09-20 20:26:27,fail
253,neutral,anger,0.34,0.11,2025-09-20 20:26:28,success
253,neutral,disgust,0.28,0.07,2025-09-20 20:26:28,fail
253,neutral,neutral,0.33,1.0,2025-09-20 20:26:28,success
253,neutral,sleepiness,0.32,0.07,2025-09-20 20:26:29,fail
254,neutral,amused,0.31,0.07,2025-09-20 20:26:29,fail
254,neutral,anger,0.34,0.11,2025-09-20 20:26:29,success
254,neutral,disgust,0.28,0.07,2025-09-20 20:26:29,fail
254,neutral,neutral,0.33,1.0,2025-09-20 20:26:30,success
254,neutral,sleepiness,0.32,0.07,2025-09-20 20:26:30,fail
255,neutral,amused,0.31,0.07,2025-09-20 20:26:30,fail
255,neutral,anger,0.34,0.11,2025-09-20 20:26:30,success
255,neutral,disgust,0.28,0.07,2025-09-20 20:26:31,fail
255,neutral,neutral,0.33,1.0,2025-09-20 20:26:31,success
255,neutral,sleepiness,0.32,0.07,2025-09-20 20:26:31,fail
256,neutral,amused,0.31,0.07,2025-09-20 20:26:32,fail
256,neutral,anger,0.34,0.11,2025-09-20 20:26:32,success
256,neutral,disgust,0.28,0.07,2025-09-20 20:26:32,fail
256,neutral,neutral,0.33,1.0,2025-09-20 20:26:32,success
256,neutral,sleepiness,0.32,0.07,2025-09-20 20:26:33,fail
257,neutral,amused,0.31,0.07,2025-09-20 20:26:33,fail
257,neutral,anger,0.34,0.11,2025-09-20 20:26:33,success
257,neutral,disgust,0.28,0.07,2025-09-20 20:26:33,fail
257,neutral,neutral,0.33,1.0,2025-09-20 20:26:34,success
257,neutral,sleepiness,0.32,0.07,2025-09-20 20:26:34,fail
258,neutral,amused,0.31,0.07,2025-09-20 20:26:34,fail
258,neutral,anger,0.34,0.11,2025-09-20 20:26:35,success
258,neutral,disgust,0.28,0.07,2025-09-20 20:26:35,fail
258,neutral,neutral,0.33,1.0,2025-09-20 20:26:35,success
258,neutral,sleepiness,0.32,0.07,2025-09-20 20:26:35,fail
259,neutral,amused,0.31,0.07,2025-09-20 20:26:36,fail
259,neutral,anger,0.34,0.11,2025-09-20 20:26:36,success
259,neutral,disgust,0.28,0.07,2025-09-20 20:26:36,fail
259,neutral,neutral,0.33,1.0,2025-09-20 20:26:37,success
259,neutral,sleepiness,0.32,0.07,2025-09-20 20:26:37,fail
260,neutral,amused,0.31,0.07,2025-09-20 20:26:37,fail
260,neutral,anger,0.34,0.11,2025-09-20 20:26:38,success
260,neutral,disgust,0.28,0.07,2025-09-20 20:26:38,fail
260,neutral,neutral,0.33,1.0,2025-09-20 20:26:38,success
260,neutral,sleepiness,0.32,0.07,2025-09-20 20:26:39,fail
261,neutral,amused,0.31,0.07,2025-09-20 20:26:39,fail
261,neutral,anger,0.34,0.11,2025-09-20 20:26:39,success
261,neutral,disgust,0.28,0.07,2025-09-20 20:26:39,fail
261,neutral,neutral,0.33,1.0,2025-09-20 20:26:40,success
261,neutral,sleepiness,0.32,0.07,2025-09-20 20:26:40,fail
262,neutral,amused,0.31,0.07,2025-09-20 20:26:40,fail
262,neutral,anger,0.34,0.11,2025-09-20 20:26:40,success
262,neutral,disgust,0.28,0.07,2025-09-20 20:26:41,fail
262,neutral,neutral,0.33,1.0,2025-09-20 20:26:41,success
262,neutral,sleepiness,0.32,0.07,2025-09-20 20:26:41,fail
263,neutral,amused,0.31,0.07,2025-09-20 20:26:42,fail
263,neutral,anger,0.34,0.11,2025-09-20 20:26:42,success
263,neutral,disgust,0.28,0.07,2025-09-20 20:26:42,fail
263,neutral,neutral,0.33,1.0,2025-09-20 20:26:43,success
263,neutral,sleepiness,0.32,0.07,2025-09-20 20:26:43,fail
264,neutral,amused,0.31,0.07,2025-09-20 20:26:43,fail
264,neutral,anger,0.34,0.11,2025-09-20 20:26:44,success
264,neutral,disgust,0.28,0.07,2025-09-20 20:26:44,fail
264,neutral,neutral,0.33,1.0,2025-09-20 20:26:44,success
264,neutral,sleepiness,0.32,0.07,2025-09-20 20:26:44,fail
265,neutral,amused,0.31,0.07,2025-09-20 20:26:45,fail
265,neutral,anger,0.34,0.11,2025-09-20 20:26:45,success
265,neutral,disgust,0.28,0.07,2025-09-20 20:26:45,fail
265,neutral,neutral,0.33,1.0,2025-09-20 20:26:45,success
265,neutral,sleepiness,0.32,0.07,2025-09-20 20:26:46,fail
266,neutral,amused,0.31,0.07,2025-09-20 20:26:46,fail
266,neutral,anger,0.34,0.11,2025-09-20 20:26:46,success
266,neutral,disgust,0.28,0.07,2025-09-20 20:26:47,fail
266,neutral,neutral,0.33,1.0,2025-09-20 20:26:47,success
266,neutral,sleepiness,0.32,0.07,2025-09-20 20:26:47,fail
267,neutral,amused,0.31,0.07,2025-09-20 20:26:47,fail
267,neutral,anger,0.34,0.11,2025-09-20 20:26:48,success
267,neutral,disgust,0.28,0.07,2025-09-20 20:26:48,fail
267,neutral,neutral,0.33,1.0,2025-09-20 20:26:48,success
267,neutral,sleepiness,0.32,0.07,2025-09-20 20:26:48,fail
268,neutral,amused,0.31,0.07,2025-09-20 20:26:49,fail
268,neutral,anger,0.34,0.11,2025-09-20 20:26:49,success
268,neutral,disgust,0.28,0.07,2025-09-20 20:26:49,fail
268,neutral,neutral,0.33,1.0,2025-09-20 20:26:50,success
268,neutral,sleepiness,0.32,0.07,2025-09-20 20:26:50,fail
269,neutral,amused,0.31,0.07,2025-09-20 20:26:50,fail
269,neutral,anger,0.34,0.11,2025-09-20 20:26:51,success
269,neutral,disgust,0.28,0.07,2025-09-20 20:26:51,fail
269,neutral,neutral,0.33,1.0,2025-09-20 20:26:51,success
269,neutral,sleepiness,0.32,0.07,2025-09-20 20:26:52,fail
270,neutral,amused,0.31,0.07,2025-09-20 20:26:53,fail
270,neutral,anger,0.34,0.11,2025-09-20 20:26:53,success
270,neutral,disgust,0.28,0.07,2025-09-20 20:26:53,fail
270,neutral,neutral,0.33,1.0,2025-09-20 20:26:54,success
270,neutral,sleepiness,0.32,0.07,2025-09-20 20:26:54,fail
271,neutral,amused,0.31,0.07,2025-09-20 20:26:54,fail
271,neutral,anger,0.34,0.11,2025-09-20 20:26:54,success
271,neutral,disgust,0.28,0.07,2025-09-20 20:26:55,fail
271,neutral,neutral,0.33,1.0,2025-09-20 20:26:55,success
271,neutral,sleepiness,0.32,0.07,2025-09-20 20:26:55,fail
272,neutral,amused,0.31,0.07,2025-09-20 20:26:56,fail
272,neutral,anger,0.34,0.11,2025-09-20 20:26:56,success
272,neutral,disgust,0.28,0.07,2025-09-20 20:26:56,fail
272,neutral,neutral,0.33,1.0,2025-09-20 20:26:56,success
272,neutral,sleepiness,0.32,0.07,2025-09-20 20:26:57,fail
273,neutral,amused,0.31,0.07,2025-09-20 20:26:57,fail
273,neutral,anger,0.34,0.11,2025-09-20 20:26:57,success
273,neutral,disgust,0.28,0.07,2025-09-20 20:26:58,fail
273,neutral,neutral,0.33,1.0,2025-09-20 20:26:58,success
273,neutral,sleepiness,0.32,0.07,2025-09-20 20:26:58,fail
274,neutral,amused,0.31,0.07,2025-09-20 20:26:58,fail
274,neutral,anger,0.34,0.11,2025-09-20 20:26:59,success
274,neutral,disgust,0.28,0.07,2025-09-20 20:26:59,fail
274,neutral,neutral,0.33,1.0,2025-09-20 20:27:00,success
274,neutral,sleepiness,0.32,0.07,2025-09-20 20:27:00,fail
275,neutral,amused,0.31,0.07,2025-09-20 20:27:00,fail
275,neutral,anger,0.34,0.11,2025-09-20 20:27:00,success
275,neutral,disgust,0.28,0.07,2025-09-20 20:27:01,fail
275,neutral,neutral,0.33,1.0,2025-09-20 20:27:01,success
275,neutral,sleepiness,0.32,0.07,2025-09-20 20:27:01,fail
276,neutral,amused,0.31,0.07,2025-09-20 20:27:01,fail
276,neutral,anger,0.34,0.11,2025-09-20 20:27:02,success
276,neutral,disgust,0.28,0.07,2025-09-20 20:27:02,fail
276,neutral,neutral,0.33,1.0,2025-09-20 20:27:02,success
276,neutral,sleepiness,0.32,0.07,2025-09-20 20:27:03,fail
277,neutral,amused,0.31,0.07,2025-09-20 20:27:03,fail
277,neutral,anger,0.34,0.11,2025-09-20 20:27:03,success
277,neutral,disgust,0.28,0.07,2025-09-20 20:27:03,fail
277,neutral,neutral,0.33,1.0,2025-09-20 20:27:04,success
277,neutral,sleepiness,0.32,0.07,2025-09-20 20:27:04,fail
278,neutral,amused,0.31,0.07,2025-09-20 20:27:04,fail
278,neutral,anger,0.34,0.11,2025-09-20 20:27:05,success
278,neutral,disgust,0.28,0.07,2025-09-20 20:27:05,fail
278,neutral,neutral,0.33,1.0,2025-09-20 20:27:06,success
278,neutral,sleepiness,0.32,0.07,2025-09-20 20:27:06,fail
279,neutral,amused,0.31,0.07,2025-09-20 20:27:06,fail
279,neutral,anger,0.34,0.11,2025-09-20 20:27:07,success
279,neutral,disgust,0.28,0.07,2025-09-20 20:27:07,fail
279,neutral,neutral,0.33,1.0,2025-09-20 20:27:07,success
279,neutral,sleepiness,0.32,0.07,2025-09-20 20:27:07,fail
280,neutral,amused,0.31,0.07,2025-09-20 20:27:08,fail
280,neutral,anger,0.34,0.11,2025-09-20 20:27:08,success
280,neutral,disgust,0.28,0.07,2025-09-20 20:27:08,fail
280,neutral,neutral,0.33,1.0,2025-09-20 20:27:08,success
280,neutral,sleepiness,0.32,0.07,2025-09-20 20:27:09,fail
281,neutral,amused,0.31,0.07,2025-09-20 20:27:10,fail
281,neutral,anger,0.34,0.11,2025-09-20 20:27:10,success
281,neutral,disgust,0.28,0.07,2025-09-20 20:27:10,fail
281,neutral,neutral,0.33,1.0,2025-09-20 20:27:10,success
281,neutral,sleepiness,0.32,0.07,2025-09-20 20:27:11,fail
282,neutral,amused,0.31,0.07,2025-09-20 20:27:11,fail
282,neutral,anger,0.34,0.11,2025-09-20 20:27:11,success
282,neutral,disgust,0.28,0.07,2025-09-20 20:27:11,fail
282,neutral,neutral,0.33,1.0,2025-09-20 20:27:12,success
282,neutral,sleepiness,0.32,0.07,2025-09-20 20:27:12,fail
283,neutral,amused,0.31,0.07,2025-09-20 20:27:12,fail
283,neutral,anger,0.34,0.11,2025-09-20 20:27:13,success
283,neutral,disgust,0.28,0.07,2025-09-20 20:27:13,fail
283,neutral,neutral,0.33,1.0,2025-09-20 20:27:13,success
283,neutral,sleepiness,0.32,0.07,2025-09-20 20:27:13,fail
284,neutral,amused,0.31,0.07,2025-09-20 20:27:14,fail
284,neutral,anger,0.34,0.11,2025-09-20 20:27:14,success
284,neutral,disgust,0.28,0.07,2025-09-20 20:27:14,fail
284,neutral,neutral,0.33,1.0,2025-09-20 20:27:15,success
284,neutral,sleepiness,0.32,0.07,2025-09-20 20:27:15,fail
285,neutral,amused,0.31,0.07,2025-09-20 20:27:15,fail
285,neutral,anger,0.34,0.11,2025-09-20 20:27:15,success
285,neutral,disgust,0.28,0.07,2025-09-20 20:27:16,fail
285,neutral,neutral,0.33,1.0,2025-09-20 20:27:16,success
285,neutral,sleepiness,0.32,0.07,2025-09-20 20:27:16,fail
286,neutral,amused,0.31,0.07,2025-09-20 20:27:16,fail
286,neutral,anger,0.34,0.11,2025-09-20 20:27:17,success
286,neutral,disgust,0.28,0.07,2025-09-20 20:27:17,fail
286,neutral,neutral,0.33,1.0,2025-09-20 20:27:17,success
286,neutral,sleepiness,0.32,0.07,2025-09-20 20:27:18,fail
287,neutral,amused,0.31,0.07,2025-09-20 20:27:18,fail
287,neutral,anger,0.34,0.11,2025-09-20 20:27:18,success
287,neutral,disgust,0.28,0.07,2025-09-20 20:27:18,fail
287,neutral,neutral,0.33,1.0,2025-09-20 20:27:19,success
287,neutral,sleepiness,0.32,0.07,2025-09-20 20:27:19,fail
288,neutral,amused,0.31,0.07,2025-09-20 20:27:19,fail
288,neutral,anger,0.34,0.11,2025-09-20 20:27:20,success
288,neutral,disgust,0.28,0.07,2025-09-20 20:27:20,fail
288,neutral,neutral,0.33,1.0,2025-09-20 20:27:20,success
288,neutral,sleepiness,0.32,0.07,2025-09-20 20:27:20,fail
289,neutral,amused,0.31,0.07,2025-09-20 20:27:21,fail
289,neutral,anger,0.34,0.11,2025-09-20 20:27:21,success
289,neutral,disgust,0.28,0.07,2025-09-20 20:27:21,fail
289,neutral,neutral,0.33,1.0,2025-09-20 20:27:22,success
289,neutral,sleepiness,0.32,0.07,2025-09-20 20:27:22,fail
290,neutral,amused,0.31,0.07,2025-09-20 20:27:22,fail
290,neutral,anger,0.34,0.11,2025-09-20 20:27:22,success
290,neutral,disgust,0.28,0.07,2025-09-20 20:27:23,fail
290,neutral,neutral,0.33,1.0,2025-09-20 20:27:23,success
290,neutral,sleepiness,0.32,0.07,2025-09-20 20:27:23,fail
291,neutral,amused,0.31,0.07,2025-09-20 20:27:23,fail
291,neutral,anger,0.34,0.11,2025-09-20 20:27:24,success
291,neutral,disgust,0.28,0.07,2025-09-20 20:27:24,fail
291,neutral,neutral,0.33,1.0,2025-09-20 20:27:24,success
291,neutral,sleepiness,0.32,0.07,2025-09-20 20:27:25,fail
292,neutral,amused,0.31,0.07,2025-09-20 20:27:25,fail
292,neutral,anger,0.34,0.11,2025-09-20 20:27:25,success
292,neutral,disgust,0.28,0.07,2025-09-20 20:27:26,fail
292,neutral,neutral,0.33,1.0,2025-09-20 20:27:26,success
292,neutral,sleepiness,0.32,0.07,2025-09-20 20:27:26,fail
293,neutral,amused,0.31,0.07,2025-09-20 20:27:26,fail
293,neutral,anger,0.34,0.11,2025-09-20 20:27:27,success
293,neutral,disgust,0.28,0.07,2025-09-20 20:27:27,fail
293,neutral,neutral,0.33,1.0,2025-09-20 20:27:27,success
293,neutral,sleepiness,0.32,0.07,2025-09-20 20:27:27,fail
294,neutral,amused,0.31,0.07,2025-09-20 20:27:28,fail
294,neutral,anger,0.34,0.11,2025-09-20 20:27:28,success
294,neutral,disgust,0.28,0.07,2025-09-20 20:27:28,fail
294,neutral,neutral,0.33,1.0,2025-09-20 20:27:29,success
294,neutral,sleepiness,0.32,0.07,2025-09-20 20:27:29,fail
295,neutral,amused,0.31,0.07,2025-09-20 20:27:29,fail
295,neutral,anger,0.34,0.11,2025-09-20 20:27:29,success
295,neutral,disgust,0.28,0.07,2025-09-20 20:27:30,fail
295,neutral,neutral,0.33,1.0,2025-09-20 20:27:30,success
295,neutral,sleepiness,0.32,0.07,2025-09-20 20:27:30,fail
296,neutral,amused,0.31,0.07,2025-09-20 20:27:31,fail
296,neutral,anger,0.34,0.11,2025-09-20 20:27:31,success
296,neutral,disgust,0.28,0.07,2025-09-20 20:27:31,fail
296,neutral,neutral,0.33,1.0,2025-09-20 20:27:31,success
296,neutral,sleepiness,0.32,0.07,2025-09-20 20:27:32,fail
297,neutral,amused,0.31,0.07,2025-09-20 20:27:32,fail
297,neutral,anger,0.34,0.11,2025-09-20 20:27:32,success
297,neutral,disgust,0.28,0.07,2025-09-20 20:27:33,fail
297,neutral,neutral,0.33,1.0,2025-09-20 20:27:33,success
297,neutral,sleepiness,0.32,0.07,2025-09-20 20:27:33,fail
298,neutral,amused,0.31,0.07,2025-09-20 20:27:33,fail
298,neutral,anger,0.34,0.11,2025-09-20 20:27:34,success
298,neutral,disgust,0.28,0.07,2025-09-20 20:27:34,fail
298,neutral,neutral,0.33,1.0,2025-09-20 20:27:34,success
298,neutral,sleepiness,0.32,0.07,2025-09-20 20:27:34,fail
299,neutral,amused,0.31,0.07,2025-09-20 20:27:35,fail
299,neutral,anger,0.34,0.11,2025-09-20 20:27:35,success
299,neutral,disgust,0.28,0.07,2025-09-20 20:27:35,fail
299,neutral,neutral,0.33,1.0,2025-09-20 20:27:36,success
299,neutral,sleepiness,0.32,0.07,2025-09-20 20:27:36,fail
300,neutral,amused,0.31,0.07,2025-09-20 20:27:36,fail
300,neutral,anger,0.34,0.11,2025-09-20 20:27:37,success
300,neutral,disgust,0.28,0.07,2025-09-20 20:27:37,fail
300,neutral,neutral,0.33,1.0,2025-09-20 20:27:37,success
300,neutral,sleepiness,0.32,0.07,2025-09-20 20:27:37,fail
